record_id,source_id,weak_label,headline_hash,model_timestamp,split,split_reason
006c781fbb88dbc6fa7ed5496b3b20aea788c6735209234f534e71884c7638a8,the_hill,Center,a37fd4f3c9f72a48be6598e65c1f4a17374a2d507f307469cdcfcae85aad969a,2026-08-26 23:55:33+00:00,validation,newest_within_outlet
00a12f7b1f87d25fd4c053a077003edde839b1e278408312682e52b6f0cb8c4a,vox,Left,3c54794c14922a3ca5b49b8c44c1b5fde98aea8e559a3410e62016ddbc858683,2026-08-21 20:15:18+00:00,train,older_non_holdout_record
00aa44240af86fd7819737d37e982b1be793a5920c6321dde2bba3b086e2c61b,fox_news,Right,f2ad76eb6ece0d7944e0d681b2f5c951430b6b108421f29a79c68991d623d88b,2026-08-21 18:13:45+00:00,train,older_non_holdout_record
00c3c0ce76a022ef572968027a27cd7f24afb53ff8664a3b58853e82e5d0cb1e,cnn,Lean Left,fb7546a5dd4d2993d233c020616cbdaacc026b6bc0002e25c68cb86c6a7aaff6,2023-04-18 22:03:13+00:00,test_ood,frozen_holdout_outlet
00c681a1ee3f6af841285dc8af13d8bbc73c53000ba0eb12aaaeeb36fbeb3b0d,washington_examiner,Lean Right,d8eb32707fe128679261463580c186a8a9b4fdb1bad86e5ecc8acd64e8e3e8b0,2026-08-24 21:52:31+00:00,test_ood,frozen_holdout_outlet
019aeb7c6e9d85d7c4f7508edea17ebf99ea51a22c37f17717c51f25bd642d03,reason,Lean Right,c55a7e000c735d7f118d114c74d58fab3ccf50f5962a1e9a936f8e77a977e60c,2026-08-14 11:00:41+00:00,train,older_non_holdout_record
01d0cca6783a1fb9620364276ea1eed80fed0b583e04daae8c86a89ac2308f6e,vox,Left,93f21a929beb0e9275d39e2ecf062b8ea663af40b092eb9b1b0cea50a100e14f,2026-08-25 22:55:09+00:00,validation,newest_within_outlet
023c36b885346c2b6d0eb2a98ad6cd7a3cfa3393d6e428c621a45d5425a4f5c3,nbc_news,Lean Left,d99e8dd22b4043df5e00f91866cb4514c735a4a73e7c9d4513feb8f831e3d214,2026-08-26 20:53:17+00:00,validation,newest_within_outlet
0262ba9f47e41b5998b5167a460022795eafcfccc87a1950935b81f82c246642,newsmax,Right,7329cffb1a90277ec3a1d6b1456c17449702f35067a54f9f638212e716283376,2026-08-27 02:17:18+00:00,test_ood,frozen_holdout_outlet
029c082205708518a6552b9dad7f31a9937d73ece2546b4d11491a98d22cbf1c,washington_examiner,Lean Right,8507c533324b153e90d031cba4e6f505e6d6a789acb5bc5af1011e7632945d2c,2026-08-25 19:27:32+00:00,test_ood,frozen_holdout_outlet
02df52c3ce68f9cfec6c73306dcf0d7e4393038b5e64fbe378602b2f86e3f60e,mother_jones,Left,06eecb7f8858e1a1c4a80948df967617e5b3200dd499a1403451bdbbb5433b35,2026-07-27 18:25:37+00:00,test_ood,frozen_holdout_outlet
02eca4376bc41614f21be229177122352a00d1823b546cc1c8a6140fd58c5705,washington_examiner,Lean Right,b26bf6f2c815822e12055996bd098702571f7e9969f80a330d5650cc8359f24f,2026-08-22 10:00:00+00:00,test_ood,frozen_holdout_outlet
03072472986e9a22344880c16088e438aec07992419f3330671da9b9f2dd9f8a,washington_examiner,Lean Right,d3e712efba3b01bfb32e255ac88b90089a20d35e037ef824fa9f610102c2b842,2026-08-25 20:38:18+00:00,test_ood,frozen_holdout_outlet
038b4f39e628bb6f47d0aa3b884f994d61ebe06ef40fbb1735e1efb030eb824b,the_atlantic,Left,0c9d068298c90ab366f9ce9bd6f7028fc1b0cae42195ee334277d99ff8556505,2026-08-18 12:00:00+00:00,train,older_non_holdout_record
03f8e17ee2529d0e9dc9fc019ccd811c0eed28047f0f5d18bda840e88cded7ed,mediaite,Lean Left,b2da26ddbbd01fa532347716bfde0d225cc933b36adb5104e06adf8906cf9894,2026-08-27 00:32:01+00:00,validation,newest_within_outlet
048be95c8ffd015b830fada38e2c2729b15b6c31910dc39a0fdb78f4c2d174b4,mother_jones,Left,9f459681d05825ccc37423ce3129bbf4ae56766a92331a1e5ddd1b6d6b76275e,2026-08-05 20:44:34+00:00,test_ood,frozen_holdout_outlet
04d9197ec109a3aac2a3b637937b8ebed3efc87cf51973528e097df561d5abdf,nbc_news,Lean Left,fb04ab7f5b5c6709fe8f30e00e86199d1d54a397ee63f99ec661a86f0e989491,2026-08-17 20:48:54+00:00,train,older_non_holdout_record
04ecf6b56afc2d198646c689eba22860325dec42091d8222b57c4fbe5c8fcc6e,nbc_news,Lean Left,c3678c4abb8e8917e8895b1c7cfa3dbb91f5d29807603c86fde6861fda82d68d,2026-08-20 20:36:44+00:00,train,older_non_holdout_record
053fc9c3c30852b37fe36eb07c6b8a9792bbd13baf3505dfc64488921876cca5,mother_jones,Left,4e14ddf388bb85a5fd3a13b9fa6b828551586c8a2867067c6190d74832352095,2026-08-21 22:08:14+00:00,test_ood,frozen_holdout_outlet
055bcf165684a3ef73b910fccd244b262616927707d4ea6c8989b21b23241a1b,mother_jones,Left,c7d72e8fe0133f3320c43cb119f6e1a760b7d07f847f57b5ed305694f0e32660,2026-08-14 19:46:00+00:00,test_ood,frozen_holdout_outlet
056c82ab2c4a01989c6f9184b2f54c349b8887ec62e64ddc0812fe5bf8ad491a,washington_examiner,Lean Right,e0f4e3a35cfe546bc0fe4c357d3e970e954f190ed6981535d56ae2aa0648af17,2026-08-26 22:25:02+00:00,test_ood,frozen_holdout_outlet
05737fc737f013af00b30c2d3e1a0b5761cef8a51daaed5f53909d8f18c91fb8,mediaite,Lean Left,095e5e9bbe8c7ae5ed8c6226b811816d8192c7a804c992b3503a2c348eebbe32,2026-08-26 17:59:17+00:00,train,older_non_holdout_record
05d29148004f10a0b2b8bce084d3a4855091d9a8e4e5c8c08d2bbabd08ac7787,daily_wire,Right,12c62742294138b5de0818bf2ffb44f3c50a9f2f269cc3a2846b60177095a5a6,2026-08-26 07:16:36+00:00,train,older_non_holdout_record
067bd9e2c214a8fa3ccb33ce8d2fdb936649ed3b8040771e8ac3bb2021ff9dd9,mother_jones,Left,92f537729533eea77b2242e3495054f75129ab004d69cc3ea0e91e833a5538ff,2026-08-04 18:40:24+00:00,test_ood,frozen_holdout_outlet
068d5f3e63b0c187ecf9a618ddd51da32ded3f46b6b3c0c317fac191ec7749ab,newsmax,Right,5b77e16a7e5810d5f4c5087342ba32869876c9145565bcaf01cc826250ce5d42,2026-08-26 21:27:16+00:00,test_ood,frozen_holdout_outlet
069b1bb40fc1affa380db37a1f227cafb8d8d8409cdba14d08ddf7d835093003,the_hill,Center,3658f761c60ead77bf5390b3261a51f736a18847a50a9d36ffa3b106327b8aea,2026-08-26 21:53:52+00:00,validation,newest_within_outlet
0724cdf10511bd49b6fdba3e637a29a1c0f5cb94265cbc2a820adfe7465f74b4,washington_examiner,Lean Right,8b933da9534af39fdef958e2c18c6b082ed66aae3073929c75bc795022f9348b,2026-08-25 14:00:00+00:00,test_ood,frozen_holdout_outlet
07882f7d6f29456695a14456eb88ec103b7277098d145fcca66b1982b95722be,mother_jones,Left,5a387279ed7214dca0c3ddf65c3186adacbd41eaa08ab7d59c63beeff62e4e4a,2026-08-14 11:30:00+00:00,test_ood,frozen_holdout_outlet
07c0f07d76eed623deb7207dde9306e85c83d7ddee7b0f1a29481919c05637e7,mother_jones,Left,e4f28d1853dd31dc79d9cd9983799c0af249119f6c1879306de1eb1dcef7072a,2026-08-03 16:00:00+00:00,test_ood,frozen_holdout_outlet
07e141bb3c123b692f3509b7aa8b20c306e6373b513572592b4e6bafd652abd8,nbc_news,Lean Left,284c201d8bf652fd0fa14e61307498401a73470d7eb237da0fbdc9521436840f,2026-08-25 17:53:41+00:00,train,older_non_holdout_record
08284544c5ad1039ac893f78ff869546a78c8350a95f3a4528f6b2c7ac210a63,reason,Lean Right,6bcf9b298c36d27e28c0ffdafc70c401b3137ee3e6605d25a13f307bb453dbcd,2026-08-12 11:00:38+00:00,train,older_non_holdout_record
0867fff913039850e5e272d7c7abfd0cae3df9337aad410043683ebee265ea0a,washington_examiner,Lean Right,04381b5c5b6d6baab626bab7db44918d4952ca04bedda6bef1204484b1534660,2026-08-26 10:00:00+00:00,test_ood,frozen_holdout_outlet
089fb50e8b4508ad9814b2e57f369f5a527116f098aa50c5bb330f9c163d37aa,washington_examiner,Lean Right,2e678b0253c205c99617448d886f97dcaf65c0666e1a203f1b6429153a65c48c,2026-08-24 20:58:36+00:00,test_ood,frozen_holdout_outlet
08e42541a4b2484cf63840c15217910ee722a2e48eae52d45baf6118342dc86e,the_hill,Center,9e7b6d108a1a9335d5048d3857dd42ab559c81c0782c96ecc0899dd6a8d53c6f,2026-08-26 18:56:05+00:00,validation,exact_hash_grouped_with_validation
09ae3f10a0e382d4ae91bcce446faafed67c202f6913479b3301efcbbbef6ad1,newsnation,Center,7be442b0a9742f9d2f578193c979b9a4f3778a83276b9d6300feabf9b9f50396,2026-08-23 21:29:05+00:00,train,older_non_holdout_record
09d079c76757c5881fe2b059756643c27d44f16d417b9bd2d136905b188bad17,washington_examiner,Lean Right,c6a89bb9f29ff055c0d1556aa6b1b279c0552931ee6f8513727b894415c38dd1,2026-08-26 19:20:45+00:00,test_ood,frozen_holdout_outlet
0a26d02779b4621ac2a6b0f63646ca07fed9e2734af7e58030c290f38e2c6bad,reason,Lean Right,c174294fbe295eca37b6b406fcefa16c4485812a2b82d45383e1bff6d85b57b7,2026-08-12 20:40:25+00:00,train,older_non_holdout_record
0a5927b44e2e1c9a63f15c74766770b6f40b2c7c3194ace7cc027519566b4ff4,the_hill,Center,197db8be61e16907c353a3e707c08ce9e8558a4067b46f08b42b071708ad58e3,2026-08-26 14:33:04+00:00,validation,exact_hash_grouped_with_validation
0a8c7ce99e1f4a8336ead4afe3b9811b0cffcdfb428e8b64c68b9757a9e69608,mother_jones,Left,f6643ae530f2056599ff338f70e9d0d01dab08095b04ac4925fb2f0f9d5c9ce2,2026-08-19 16:57:18+00:00,test_ood,frozen_holdout_outlet
0a9956612722909f29ab0972e59dd0f0c36ca4ea5f7161a0508403b433dd8a47,the_hill,Center,5ab80cf405799a72bbed5f37e2d33d06715e538c6ec305cd177484cf2b3ee543,2026-08-26 20:10:37+00:00,train,older_non_holdout_record
0aba34f3b8b416b3b7b2a978ab44cbb1c2ab62dbbc6e1dbf57f0376e6efe7e64,reason,Lean Right,2e8078a6bc47d8188320f1bcf65fdd0a4887673e951ee2180df59a276ba4106c,2026-08-11 16:17:51+00:00,train,older_non_holdout_record
0affc87004e07245cb795e782ca51e220b1fd34ff4fb479d215ab200385df53c,reason,Lean Right,9a4f2c4f756c0a701ed4d7b013ea08d364ab4883d792444cd01dd945c2af52d2,2026-08-22 11:00:28+00:00,train,older_non_holdout_record
0b08271c58bce56c27bb47bf26c581f847e4b42cb888082a05efe0293598cc72,mother_jones,Left,eec492aa45caab1dbb1e8546ee85f7794e9215e695c17c357c0897e1a137e6dd,2026-08-26 14:02:30+00:00,test_ood,frozen_holdout_outlet
0b3e33bfd15b461e119254ac3c5bbf257116200200660b49ab81f4e8e927f55c,mother_jones,Left,db68e9224b2c026cf7562088bca1f9b7cf9bbab024f9f6281229c9ae04256ad4,2026-08-21 21:33:27+00:00,test_ood,frozen_holdout_outlet
0b630c292686330795e55df61a1bee26db839c60c68fea6908a642eae81e5cae,newsmax,Right,1e7c0a000fc1a6f1a6d6576c76484c9d66ad6508f6e62346861aa60ce9f5b2ea,2026-08-26 23:05:26+00:00,test_ood,frozen_holdout_outlet
0b9d4f2876eddfac1fe0ec9c32ba8c1b106a1b0be4d8e8d6ff1010a656580ee2,mother_jones,Left,8efa5f2ef5b27b3358405fcd21cfb0d30ec6cfb7aa3fb20f6db6d57e308e7707,2026-08-23 16:42:45+00:00,test_ood,frozen_holdout_outlet
0bd93f96926d563bf329fad1281510d43f8362e1e13ac13af1a621b9e4fa4ceb,washington_examiner,Lean Right,ed9d8f6f86a12fe218b4034fc0bb24a78823ed8f2027e76ae15d5ddf4d9b1613,2026-08-26 14:37:26+00:00,test_ood,frozen_holdout_outlet
0bfd16062b3a7e037adcf6d1f542fa6c1e51bb84bffeb38e90545a53eb383550,cnn,Lean Left,376b67a749b13e2321bf4ff64eb05b938187f524cef1d461e78f20d2c39bd843,2023-04-17 11:37:37+00:00,test_ood,frozen_holdout_outlet
0bffdeab9982260903466259dee1dc2b7ab54fd67d349a387be90e187b3a7425,washington_examiner,Lean Right,6b28d2374ebb087896c1c4c562cc1acdbcad3957b9a2bbd7e7070efb14e5dcbc,2026-08-22 16:31:12+00:00,test_ood,frozen_holdout_outlet
0c1caf5d2cb24f74dc0679df2e288693dd49f88ec053bf08eae87f7ca5b226a7,mother_jones,Left,0036dd41df77db8e7834b1a536f1438811780589b18fd63d3d0b4a4fcea31ac0,2026-07-30 18:05:04+00:00,test_ood,frozen_holdout_outlet
0c50b9944b4927384d64ccd9783601a324f2952373c7909582661f0450d7d69c,fox_news,Right,fe3529b4eaafb1b68a7ecb7e1cc996894758b02de751d8113e7d9a068c811882,2026-08-19 11:15:00+00:00,train,older_non_holdout_record
0ca7c09de73685aabe8f67e1631c3be456c0f7089204e548014bb33e44313f59,abc_news,Lean Left,79feca8ef05456945f3f6a4c101ecf168809f8c337c9dab3d639c5e05af74d01,2026-08-25 01:54:27+00:00,train,older_non_holdout_record
0cbf1992f727ffa0cec7ee7f1b3cb1d3132c6cff298ff5091a86c737d1191711,breitbart,Right,806cea012ef48e2dbb2a7c430440fc6e3120a4e1b030e7e5414bbdb26fb7c798,2026-08-26 20:01:00+00:00,train,older_non_holdout_record
0cf1c6f3eac847b037e97d0cec7a10ced1777b2eea59a123577c0e79b156c6bf,reason,Lean Right,b08de376f42a527d7e15f61b2b4383456b9052fb8bc0a2eae8d4f1701ace48b1,2026-08-19 12:32:15+00:00,train,older_non_holdout_record
0d056ee996270fdc303aed2bed51d6b63f0a518cb936e883760814f27fc69132,newsnation,Center,28c430219036f3f47db8932b2d24282b2b35e9b82a96f0230bf3263970765d58,2026-08-27 03:43:18+00:00,validation,newest_within_outlet
0d17e02832d38dfe87b26918555eb6d372d918fb63b1e959f541cabf7d42f733,mediaite,Lean Left,8c2aecd081a64910425a877604a3cc65168e9630f836be67981f42ad468c50f9,2026-08-26 23:13:10+00:00,validation,newest_within_outlet
0d67ef981413c6493bd635d7d4c2a8d8c50914ffb30b6f04ccf35659664826d1,washington_examiner,Lean Right,251e91991297ca5800330cd870e42d7e5f0d9171c8462df3749af8b64daf2658,2026-08-24 17:52:31+00:00,test_ood,frozen_holdout_outlet
0d9091bf7a1e528dba92f79246443acffe2c03fdb5f2389a3a02c35ff1ea55bb,reason,Lean Right,eedd443671d7af3af98221f753a37bc678a2de2aedb963dde8578531c64931f1,2026-08-17 12:01:21+00:00,train,older_non_holdout_record
0dae04874558b9365932d1d3413e72df34a5235ee795b47214769097b8af7357,washington_examiner,Lean Right,20e7152bf3273dacb9330e0d0a6448be18717d51f12d6c022740838e24c2af4c,2026-08-25 15:24:07+00:00,test_ood,frozen_holdout_outlet
0dfb3d0c02a654c023eeb6705e14dca2872600c678991ace3095d2a5105b2faa,washington_examiner,Lean Right,d31ec0c1d835751072ed65643a89fae22aaa1f911369dcbd6ce9633d34380787,2026-08-24 17:47:59+00:00,test_ood,frozen_holdout_outlet
0e03637008220912a9c1a042f103121bac6e45036af57fa129e52459616550c0,washington_examiner,Lean Right,c58ffe7d7999367e26b1a94c97ca3b89449df7df150153862200178e536ea43d,2026-08-26 09:00:00+00:00,test_ood,frozen_holdout_outlet
0e1e1d5bcc7b19c9306b09c11fe48f729e6189bc8e890aff99131c8effbf82e2,mediaite,Lean Left,24090fed16714820c0a68dbab2e46c1acc502c4496829a686ef6c15826e318ca,2026-08-26 23:22:40+00:00,validation,newest_within_outlet
0e4290c8acccc1331aab04c540c42b61469a016ee7d030a775915aa2e8f21a92,mediaite,Lean Left,f128ab2ac36811cacaea06cee53033f42da309d97e23b4aa78f476f44d01201d,2026-08-22 00:26:51+00:00,train,older_non_holdout_record
0e638ae9d1fd6464e00ad20882456e3478df2bf78c59fa5cfda4494513784ccd,vox,Left,b2a53ceccf037a95409ae49a4df36470febdfe6ccbe772b1eeb034ad8c141018,2026-08-05 16:23:40+00:00,train,older_non_holdout_record
0e8b5c51a55af15e815324ca102172b4b27a5621cd338dc5e2d1499efa356fa9,breitbart,Right,001d0961ee8f2bb11fa063f85e3502e6ac4a585d750a0b6a67247fa5951d6424,2026-08-27 03:13:16+00:00,validation,newest_within_outlet
0ee411f07811d63cfe92e1870eac4f68b25c0da6d6e43cb325b19bfa2b1a83e5,mediaite,Lean Left,9d78217751cf73579fe395c23b33f62cc50fbd3d0f0f3e0523b31b312f192606,2026-08-23 21:11:37+00:00,train,older_non_holdout_record
0f134d54d24ba2c3fe3fe8949d2c22a256167f14f5db96cfefe0a47217bc1fbf,reason,Lean Right,035f44aa5aaf0aa64d731bc9417b35365b08e24d43958034b642b7054df10003,2026-08-18 11:00:47+00:00,train,older_non_holdout_record
0f82d0047ed4c16c3152068caea6f5f7314aee01ca1da39906cceac7b6c57493,cnn,Lean Left,1ee59d263b15318438378af667202fc674a2b33074789e2132d7234ca2c5ffba,2023-04-18 21:17:44+00:00,test_ood,frozen_holdout_outlet
0f89783364cc223b9e0cdd1958bec868841d810fd9d19b3793097946b7adc247,newsmax,Right,08320abd6133a6c8d5f78d9cdec6dae553e3b22226c1c6c7777c6d9f34209d94,2026-08-27 01:35:32+00:00,test_ood,frozen_holdout_outlet
0fa9bd9c3906c2d056689152679a6c9a2a5e8253c1a60c5234ec7f618ac91e9f,newsmax,Right,05add579d2a9a6ce993582d78a8717571da8df7ebd81d107dede7b69951e392b,2026-08-26 20:41:54+00:00,test_ood,frozen_holdout_outlet
1001bcab7035fa7a6c755f75bc40885abbb139cfd616f8a2543bd0624795b62a,the_hill,Center,ac5bd17e2f826994759cfabd9b5e6d6e4aee3789029dfa9157d31c9f11bae6cf,2026-08-26 16:04:02+00:00,train,older_non_holdout_record
10740bf1a8d1f5542492a7b8f046e3fe45a0933fc66929129160daf4979006c6,the_hill,Center,74583a294f117c9f40d3cba31776cbc1e4f7ea37d2b6f253e859f0189f56786a,2026-08-26 22:23:28+00:00,validation,newest_within_outlet
11094adc5327ebbd4062247ed46d6480d807692d94554aae4ef5729a65fd6d79,mother_jones,Left,6e1233a0705f7a63e3dc5b8858b228eabc3c44b530cfd15c91461ef2f344b3a2,2026-07-28 11:30:00+00:00,test_ood,frozen_holdout_outlet
1142baf3dc07889137a3f17b11215849bfdb71bdd6121180853870a6512b7a8c,daily_wire,Right,15b7e11d12dcc1226b4a54094494bcb9452ef1c76ec1b696587a776c04a5887e,2026-08-26 14:53:44+00:00,train,older_non_holdout_record
11bcc2ec2a60ceccc8706ff20e221a875e34765beefc9cd2fda6e48ad573068b,the_atlantic,Left,6a419f799841e2330342abd469337c81d9188ee05e00e5837ba4420e11f65d5b,2026-08-21 10:00:00+00:00,train,older_non_holdout_record
12683718de990703d53c8b5622929779dd57ffa2938f9ec84e1947a22c527432,fox_news,Right,79b389101810dfdf6bac6d256fb1469162f63b5854cb7bc6f77d2d016e070e45,2026-08-26 16:05:02+00:00,train,older_non_holdout_record
129779c12a9d1aef630b96258a3f2ed6368dfb41e207ba1c220a19c21d328d70,mother_jones,Left,8987b00b621b7f5a9c79f612f97f072af3d0045c01b1258c0c7d71d6b0124350,2026-07-28 11:30:00+00:00,test_ood,frozen_holdout_outlet
12b8eb48f53131d5e6fb076efad459d2aea155e12c212c4a9bdaeed0d59be679,washington_examiner,Lean Right,2f5d991f7ffbd0e7ae49020694f933e75dde0cea07d19da21ba559e82b2cfa6d,2026-08-24 18:57:42+00:00,test_ood,frozen_holdout_outlet
12c565dabda7f25f19fd5612e5624877fadecf672434920b1c109931d1bad5ca,reason,Lean Right,c633354fdf4080e2fff4945303732d0c04d4604c6af88dfbcb85a79b950be21e,2026-08-20 21:15:51+00:00,train,older_non_holdout_record
12e613065ac1ae7d1239979b9e66ade16c28d3ccc243647aa515988de991f565,daily_wire,Right,680729690970ec0e7431dcedf7a9cc45106b808e84af5d83fd7071adaec80bdf,2026-08-26 15:39:46+00:00,train,older_non_holdout_record
137ca2c08939d4fc0e804b6110a208f38d87bac0dd4af37b6dfc60478b54230e,fox_news,Right,7a031776a879a8f5524980a69583ee67354003ff3c4dd48b07c004cc3cb03e14,2026-08-23 17:08:36+00:00,train,older_non_holdout_record
1392dd3ec9dfd34605372dfeaf0daba39ed287bc395f316ba422b610e22470aa,washington_examiner,Lean Right,a2258f448aa56af2f4dcd237442ef740a7c7c24122a13e03d9cad9c55df27cc1,2026-08-23 02:20:29+00:00,test_ood,frozen_holdout_outlet
14242e23a4271ac8c0bba17eb6f3f5bed020fe5f33792c1a73d77bf52cf9a980,mother_jones,Left,df0a327aa95d580fb32146b074c1eaf838e180621dbe70bdbdecf118db19b2a1,2026-07-24 20:16:42+00:00,test_ood,frozen_holdout_outlet
14382779c303cc9058dd7ca9b314eaab8c30b9c78e6e820f9b4d2f1ba468a522,the_atlantic,Left,4627f8f37f9330da20cf181c4ba6674daff9322a2341d1bcada39e55917f4b8b,2026-08-19 11:00:00+00:00,train,older_non_holdout_record
1438a4f22eead487b839cdcb9f57fa3b2564e2c6c0c49399755294ae7ea713df,newsnation,Center,51743c1aa1f76d99feb84d8b07af5367a14c0bc5d180e0aad3e192d093a1bc66,2026-08-24 21:26:12+00:00,train,older_non_holdout_record
1489285c9725155066e0a530a034534ba92412985b65d95e5d01cc9f1aa9d54c,the_atlantic,Left,b5b97368d43e82588a45602c53c5ee4c78e33dc8f3a02782c699afd227d08449,2026-08-18 11:31:00+00:00,train,older_non_holdout_record
1491120c8fb9bd536b0b66d992c30f3cfb601e1a330761ce5af3850fa2978a98,washington_examiner,Lean Right,9b4b65175b5714e54ccc1917640e2b98a2d250c966b111f7fab73c1c9b8a4a1e,2026-08-25 03:30:00+00:00,test_ood,frozen_holdout_outlet
14b1dcff62b0773304df154dfa133df07fb3baa08a05e027394c534fde307ffa,mother_jones,Left,e5a43cd8fb5773a4da6e52adbab4871bf0d90097e3782698abb2b375e3f71d2c,2026-08-24 22:22:38+00:00,test_ood,frozen_holdout_outlet
14c298e7800fbaad15c48edc871e5d5b027d1ea348df78934e899d26b54adcd2,breitbart,Right,52e203542f0659a29945e063c6414e1804aca13c0c33673557859d01a995969a,2026-08-26 18:59:51+00:00,train,older_non_holdout_record
14ee5089104ca0de0a4f4dc31eb300345f757ea382c6130156d0cbe64f53d106,reason,Lean Right,3167ab521e50bf351a01e9477a1701aeadbef8843e92788033602f198cc14a35,2026-08-21 21:49:33+00:00,train,older_non_holdout_record
14f2d78f7c6aa0254283d3c5b34179310528ca9e665ef76bc1f3061694e7a7fa,the_dispatch,Lean Right,c257f148717378fe87a3d2ba15c515b2f359a2e24a280a86715ccfb206f8a3ea,2026-08-27 07:00:00+00:00,validation,newest_within_outlet
1516d632b772bfc4d732ca6193cdbbb98e137d5d1620d5141ab9353af2d0d02e,reason,Lean Right,47d697bc58e6d4da5e6dbb8f0072759570d4e72c873c19833a6fb4c561afa663,2026-08-12 04:01:08+00:00,train,older_non_holdout_record
1530e6313dcb6c55908fe609321711188fe91689c40973993ae7efe14bcfe13f,cnn,Lean Left,0f8110142b2b46187fba5ca6edf32dd198d77d8449637e13f01ca44f37bfd591,2023-04-18 15:09:15+00:00,test_ood,frozen_holdout_outlet
1532dfe84869d36d487e3edb1914065ba3ea248d656600d4f7c1f73c7e8a5bd4,the_hill,Center,a1ce5ffa77c66c503b05c10af6b733084ba0594e1a88c34fff5868b0fa044a22,2026-08-26 13:30:00+00:00,train,older_non_holdout_record
1548574bb24015dbb4f7ee471cbb8dc83d99383b9abe56b348e38f25d271375e,washington_examiner,Lean Right,b7cfc62d64188b037f11475c6633c5db241dcae265e795fc8d736e13f48c316b,2026-08-24 11:00:00+00:00,test_ood,frozen_holdout_outlet
15859f8400a53c5c8baa9ff2dade60af1f84749e33a8f716074fd801bd06cf42,washington_examiner,Lean Right,92e87035b9849b3a83911227f2daea3e5adc95ab627bd1358b97f884f1e4854c,2026-08-23 09:00:00+00:00,test_ood,frozen_holdout_outlet
15c59902b4a91ebc63c23aaa2f705508315e4dbd2010e63c5a82a2e3c8a92db2,mother_jones,Left,ce4296ab97b9875da913b8047260da1a0601f1650f29b1d337652da9bc08fd4b,2026-07-29 11:30:00+00:00,test_ood,frozen_holdout_outlet
1616363362b6b3fb3e06a3e29185a836a8414770fb7cd8ce78e0333724d0deda,the_hill,Center,4a5ff8c810472d2bfbf4938919bc967e9a3ca426697b24a1f017d7ffbf8beb0b,2026-08-26 18:04:42+00:00,train,older_non_holdout_record
164af843e2fba9bca38a5b1f0acdd37497bdbc3203dc717859d4133f8dc5dbc8,cs_monitor,Center,1c2cf12075834030b4c57c18eedd4296f8b984e50ba2d7bbd6474944de582218,2026-08-11 19:45:32+00:00,test_ood,frozen_holdout_outlet
1699561226b45128968b1a275aa02a5d40cbcf97c0c8d68ab0b3908e68574f5c,fox_news,Right,3b76e5ccff3f0abebe4e2aa2e27ead3cba58865a504a8a24d52af8662f6bc526,2026-08-26 12:00:59+00:00,train,older_non_holdout_record
16b93b3d8d8b472629f95f06c8cb548e9caf3fc787d7f8f3c396bd675959cdfd,cnn,Lean Left,f2f7141a7573d764a898956aec7a013486347dad78c8e18f60a18f36782e4f34,2023-04-17 19:32:49+00:00,test_ood,frozen_holdout_outlet
16bf63bb1c322cd888e72c3ddca4c75ebfa4f1fd131814d4419234caeff1eab6,mediaite,Lean Left,a81a5eb4405a8f3f37c1d1aeea7a17d423add974934fb10b8719cab6bc79f241,2026-08-24 20:51:45+00:00,train,older_non_holdout_record
16ee1642cec164a1b64eb5b557edc224268bfa93073aa0edcbd18324d6ff6361,newsnation,Center,2a36390a1be83a7c71b42a45a07cb747f3b4d18ac8100f9b48fbca6434e4a589,2026-08-24 15:57:53+00:00,train,older_non_holdout_record
1721d16eaf4965339a66517c048b33c11c94f6df0a5b1c9006d991015e51fc75,fox_news,Right,dbe91f653efb4561062b7645890261505cbb2763afba03d38dadf6dcef137dfe,2026-08-27 07:00:52+00:00,validation,newest_within_outlet
172b13d34dd9e89c7e53e0effbdbe10930472a222c5b341905224065c8e6012e,mediaite,Lean Left,1c44c326ceca6bb5949cddefc65379ae5fb973f6f9ff43e9911992a50f5b697d,2026-08-26 20:40:14+00:00,validation,newest_within_outlet
178af5b7ed7d2daf52c0e485192e5c21e68c19a70f6c0a0753b12e9846580a57,mediaite,Lean Left,96236a202b3315481a7cfd10c59e8e0bf91e07ac414918eebad7899dafef95ab,2026-08-23 22:33:42+00:00,train,older_non_holdout_record
17d93c1709e245f4c531e6f6a37596d0f6df779f819f79817f9f0dfe217ff980,washington_examiner,Lean Right,8581518ff8488a6550755233e6851b8c028681037a2a1e1f9d904abc16b6e472,2026-08-26 18:40:15+00:00,test_ood,frozen_holdout_outlet
181677a6c879cbb93b826965ce056c76667d179038d8f9f7418106c2aa918219,cnn,Lean Left,3398f84ed70b67f8798a078a65f1cabd0b33ae492b4b8f610063137758383674,2022-12-11 16:16:48+00:00,test_ood,frozen_holdout_outlet
18851626c79f0b58f4e81aac11cedfe06e1de52f84479c62780c5b4adffda915,washington_examiner,Lean Right,dec699f40362ca37936bd149b028cb06c7e8f8a64c55d43b09566ebb03a115d1,2026-08-26 18:43:42+00:00,test_ood,frozen_holdout_outlet
18a477e6d7f5c98850e2118d0fbb4428772afc076de51357998f4cd64067b9d9,mediaite,Lean Left,08c4b23b51c89246b502fc5df966f19c50a9066685ec3f04117535c257c6fa49,2026-08-24 22:16:57+00:00,train,older_non_holdout_record
18cbe0e2304be15c485c54bb9c24982e2e8a8e1781ada3ffc3590c7704b89a3f,mother_jones,Left,43a0f498a1435f9dac4fc5dd408f39301031bebe129c70580df1895d7eae366c,2026-08-22 03:56:05+00:00,test_ood,frozen_holdout_outlet
194e2519795369756859e42f76a1ea53f8aa312f375f8978a089a627fd9a4594,cnn,Lean Left,78aa10620d51bb44b2325e465300fdaa90bc974da80db7d8c83af5b95cdc8671,2023-04-19 08:28:17+00:00,test_ood,frozen_holdout_outlet
19d6c3fddd21dc3422b71ede71aa4ccac7cff6d9a4dd05786d69ec35110a9f22,washington_examiner,Lean Right,366d1d146e56085e36431163d5239f1f8391e78057fd9dda3b62a6757e138670,2026-08-26 14:51:22+00:00,test_ood,frozen_holdout_outlet
19e39a0094596d3ecaff2d1041bd63bbb85e7c4cedec2bc8f9383404a6a8f2f3,newsmax,Right,521bafc6a15e50b39331e85e3144d11ebdf42f3b595bf15802afc122d349882d,2026-08-26 22:46:54+00:00,test_ood,frozen_holdout_outlet
19fa04ded86b909ef3ffc136da8cec01a59441eda4254bd1068c7824baedec9e,washington_examiner,Lean Right,48afcef2a132eb62222af40f8373af593eaf4d6cb40eaf2e4fd436998cc3fd6b,2026-08-26 11:00:00+00:00,test_ood,frozen_holdout_outlet
1a72515a4b6a22e03af057bdab32fdd5846e1900fffc95fb758383bae4ef2eff,washington_examiner,Lean Right,6853478b6f4dff9b6604e709cca31e3005fac44518681d067fd57135270a9689,2026-08-24 14:28:24+00:00,test_ood,frozen_holdout_outlet
1ac9e10991dfdaeef3ba86daf69447530130b4975305fb7a46f0960ffebe9e74,the_hill,Center,55a39d6dbaa4918bc75519d92e0666ebe1ef187827aa406aaeb90a362f3edd6e,2026-08-26 14:09:17+00:00,train,older_non_holdout_record
1ae60dc8322e32156ba815888a6081936ed6d9cf783f2879f0aec65513fb728a,newsnation,Center,6c65141949a4b424717c78a55983f7804a307fe85a92ad9fae106a1702ecc5ed,2026-08-25 19:50:55+00:00,train,older_non_holdout_record
1bd5ee6c931b8c18b77c3b921b63876fbe6985547cee4afd941eb3d7d5cbbd9e,newsnation,Center,7bb9a4a72093feabdbc156ee2bb1ef804eca534c6bd0fa7239285b8b0b29d6ca,2026-08-26 14:09:36+00:00,train,older_non_holdout_record
1bde4252f6ca5071deb655d9e1887f26f662293bb753a51be4a03e369526e483,newsmax,Right,4a0069eedb67afe9d59adb580fc1ad2ade82ff79c2b68d856c394bdaeca97ed2,2026-08-27 05:01:06+00:00,test_ood,frozen_holdout_outlet
1c1153db2d853d8e88a4163bf52063ab2165427948ab364c76b4be148c749794,fox_news,Right,3d03e37ca9f2cafc3989a4adef4922df57b4bf16004a8356ce68ee6bcae39386,2026-08-26 22:06:30+00:00,train,older_non_holdout_record
1c27d3a5289227581ff6fb44b67ec59f35f658496cb263322101a14da3cc29a9,washington_examiner,Lean Right,172b00122389e9eebc5101f44f130c06ca7fda0d3d2e01f99d2c6078e67a90f9,2026-08-26 20:17:30+00:00,test_ood,frozen_holdout_outlet
1c2da83912561f24d5d5c323abf1daeb882661e6aeaa65665c428b3212d6ff9e,washington_examiner,Lean Right,367c35d932b467aacdf3cf820a94541d6770c4b5db1d9b3da9c78aedaf6a3930,2026-08-24 16:48:28+00:00,test_ood,frozen_holdout_outlet
1c4fdabc7acbb72c05214bdf7090efc77e1ff17083f51862797bb5d92f2f6c90,mother_jones,Left,e1f251a70c7b7b095d38edd1ef1675a849867dd166e523376110fb64b73576b7,2026-08-08 16:39:29+00:00,test_ood,frozen_holdout_outlet
1c59eea63987a6f7fd64fe078ad7987eda08db3933ecfdf8a98ec37062548d98,mother_jones,Left,b2d6208135a82803126ed4e43162dfb8d402b3df33a44f0bb46d563bc9875ab7,2026-08-20 17:36:30+00:00,test_ood,frozen_holdout_outlet
1c9304f6b3645976d2f48331cd1b504930ce2982c9dac12243baa9c1265612e8,the_hill,Center,b5cbb28224113e5af8b482565e53322b1cc858fb76946dbf6958457418700172,2026-08-26 18:15:10+00:00,train,older_non_holdout_record
1c9a53f1d392ce47a48ceba699b4203c08a1047e7c3219f7a291e432af0aa078,washington_examiner,Lean Right,36d19fae1d45dcead89422521b81a3c27d6ce48be96c3c0b7b104759710d1b99,2026-08-23 09:00:00+00:00,test_ood,frozen_holdout_outlet
1d92ad29cd3c6a331d7b12f68dc93130fc872a3155cb649a923be7301fb4270d,mediaite,Lean Left,a6dad0caa0ffcb2c5a2290bcd197f9f0d07b479e217dbfab75d9ae841d1e531f,2026-08-25 20:36:26+00:00,train,older_non_holdout_record
1e076568cf92c6cbfc1e439b4c608c0066cb592daf65ffeadc53b3c8563f5a90,mother_jones,Left,b64cef3610d043589399415c76c6bfd637d23d318bdaaa873c1a4ffb9366b88f,2026-08-12 00:36:39+00:00,test_ood,frozen_holdout_outlet
1ed7b4bbbf5e468a4bbac74eb44d011f04f62f6155f1e00c5b7fdd199bccacfe,washington_examiner,Lean Right,2f2e638e8ce05545c5a8812b1ed848a6f941365595752f7921acdbd57f9aa622,2026-08-25 15:25:27+00:00,test_ood,frozen_holdout_outlet
1f909f43b0c62db6b6fa8f8eb73b49d7690275c91961fffd94a119baec57c659,nbc_news,Lean Left,70898d2961c26ec7860097737294ad26423c4e25749a00be6ad3b5f48465584b,2026-08-26 03:04:10+00:00,train,older_non_holdout_record
1f93f29996d432690fa5d101dc5c90888138c2b5993874b5276ee2f303afc3a3,mother_jones,Left,e5670e4111d83bd917dddba64ad8c204b22e98bdbf6e2e658e3b7001eccc552f,2026-07-22 15:31:32+00:00,test_ood,frozen_holdout_outlet
20d1e62d2d914668cc531eb879d6516b957aee54308cb8ec733b4bc316f36ba4,daily_wire,Right,0eaf1c1b0b7449655366ffd632f9117ba5c06d3073cd319da76538c96112cdfb,2026-08-26 05:30:42+00:00,train,older_non_holdout_record
20d796448e8aee3e9adf94d5e4f5b63c0de9c3220cd8925d709048a91a0e6dae,cnn,Lean Left,d8e650ebcc81d03ecaa36e915bd05aa736ef649e6dc982e5d226cc86ed2db428,2023-04-18 22:03:01+00:00,test_ood,frozen_holdout_outlet
2206efa42372864210612544c05ef643b193d47e1fa9bec00f80e3fa01fd28d1,mother_jones,Left,9e9a42f36ebd6c41de85cb43c9c1daef849aff875fa145b0d4f7b61f35344790,2026-07-24 14:38:34+00:00,test_ood,frozen_holdout_outlet
22d42a9b19b7c0992769df3e77ea1ba48268bdcd0016b8ee12246163d88ec02d,reason,Lean Right,25153f817c5b03c6a9c4a71f6ace6f49ee23fdc6d6151b0d56771367215746ea,2026-08-26 11:00:39+00:00,validation,newest_within_outlet
22da0734aefa753fc9347733821864340ca2b90601003b8117561e72aadae54b,the_hill,Center,5b15c2af8122ec3fd6c77691904fbac233f9bda36421d450440bb1707eeb68fa,2026-08-26 15:17:40+00:00,train,older_non_holdout_record
23447867ae903a4b0ba958b4a3d75a56f618cc758ea25f970bbe0cb22e5b5863,reason,Lean Right,a6285e6305a4ba20aeb53e2a3c6eef8b3aa92b55e074f89e9dcbb84a7d494e45,2026-08-25 08:00:56+00:00,validation,newest_within_outlet
2382d89bd8637ffb401cff260d834b48133538932071d7c1a67ec1db28897bd9,washington_examiner,Lean Right,2648199caa9721f5608b92f3236888e0c860f07adee1bc3c73d0cb5bd28e5aa3,2026-08-25 18:36:20+00:00,test_ood,frozen_holdout_outlet
23d59e640735d5270aeb517ad069945667936b024c0c5b76b55c954c9727c163,mother_jones,Left,eea256ff53098bccb2d75def09911c7aff2977bd52f37ce1e48148a0474980b2,2026-08-04 18:00:04+00:00,test_ood,frozen_holdout_outlet
23e99b5f99bde78726f650eaddaa6df8ee01c992b707d7bc9fd7a1a34b85c337,mother_jones,Left,102b6c3ce5d038bc435085b73b5b9ada29de5b2cd2479b1fb757020f7ca396b0,2026-07-25 11:30:00+00:00,test_ood,frozen_holdout_outlet
23ef9dd4a447fc4ab9f463f61d53073a2ddc35e0e26a2b8bd805784880d6bf85,the_hill,Center,50f4989a845c64785d3e6190af4e7e6a0ed2fce94c75e4d59da4a1cf68e57cfd,2026-08-26 10:00:00+00:00,train,older_non_holdout_record
23fdbb8f8c128ae90c1924f282a9b266ad0af39bc25c314176d6a9edb536647d,cs_monitor,Center,235ac480dded472262dcdc39d0e5f3032d7a5a530aab28a5479b208d1d201ac0,2026-08-19 19:59:25+00:00,test_ood,frozen_holdout_outlet
240dc773c476dae05bad9dc52b0d8ce29775a2c409d27ea22bf578398dfe081f,reason,Lean Right,33094cab53b5568e46355400b08ed31e170e060e1da06a86609b6c1b6b90c5d2,2026-08-13 00:38:28+00:00,train,older_non_holdout_record
24452260cb1f1ada3397f835be59f33726aac77e7a45fb3bc211281b3b28950d,mother_jones,Left,afedcbebf8984c9dc3534740422d22a95e46a5d32c5856568d6f070409d15e67,2026-08-15 07:01:00+00:00,test_ood,frozen_holdout_outlet
244e32b70948ed545ad2fe618862ae51de9e72380e98681e8c42bed7ad56e51e,mediaite,Lean Left,082fd40321d6c50ec3375e5f09effff323ad10ac196f7f401bf692cc235d8e5a,2026-08-26 22:27:33+00:00,validation,newest_within_outlet
246231e9ac7f7e6cb7698ed01b951cbc8514d9c23b118d522d5c7fb93cfb661c,nbc_news,Lean Left,c707ab9131a9af72fa3cbb05a3787098c18ed62806841e2f209aea723dba21cf,2026-07-20 21:52:47+00:00,train,older_non_holdout_record
247c4e10b2cc488165581d53207807c1e7987a2d81324e848a10da2706f8a9b5,breitbart,Right,0ca972b5d8372414c90d5391c59aade5a3e69c6dad7f7774fd9046459543d8b5,2026-08-26 23:12:34+00:00,train,older_non_holdout_record
25084364774c82f2d4095be3439ff2e44b67353290ba442b3efc937123dea22b,cs_monitor,Center,74d43041cae0ceb0ada9eea58296ed9381289fe40bc4f8c0be1080a642c48b1a,2026-08-21 09:00:16+00:00,test_ood,frozen_holdout_outlet
2526fa2fca93b6e393b159d01d02e76f0e41f809ae52970e1c778a23aad36c5d,mother_jones,Left,ecf19387d5aecb3d794cbaf5435ba588cce79479c6ceba7d300e2bd0bab6d33b,2026-08-09 15:05:16+00:00,test_ood,frozen_holdout_outlet
26ae27d2323333a05339679b609e872a3f37a53c8fdb69bb5007435ed189f19f,mother_jones,Left,ad27f5bf4d6cb805b726b99862036f5015bd89209614adb5c8a99791a5ac4024,2026-07-27 11:30:00+00:00,test_ood,frozen_holdout_outlet
26b85c5563f7f00af4b2994bcc8348e2200dba99b4d45cf1c3c942f250d5a447,the_atlantic,Left,7a982f68b4c1aa16e1a6ee01e23128c8d2c4d85f040e0ac8ce845efeb0626554,2026-08-09 11:00:00+00:00,train,older_non_holdout_record
26c44d2da5621b12f34ef536d5f2bb61f3440509cc31122831a998da4cdc68c8,nbc_news,Lean Left,9be1a05db973318fe3e847a605bfb0e5c0a0fc88b840129e3798b39577ca8bca,2026-08-26 00:53:29+00:00,train,older_non_holdout_record
26f24f3a555b42a2726f148bb6fc0665babb99074b1b18b69beb979c21b8ef45,washington_examiner,Lean Right,20105d69e9608aca0339d69ab382c77c32cc3b240f82278423468658ab5f108c,2026-08-25 07:20:39+00:00,test_ood,frozen_holdout_outlet
2702a997d69f1bf3e02ef7a7687f253e055a3a4e82330509db7dd7116b31fac0,the_atlantic,Left,dd8b2f1f4c3b4936e2b7bed97851fdc06f8be86971934c6ca3d924ad7bd272b3,2026-08-17 10:00:00+00:00,train,older_non_holdout_record
272be52cc4e6d03e800d91e76136ece7cc5ea6f6e1f79868bb6215211884a59d,mediaite,Lean Left,d0b51b38ac764bdb52960ab48e122831acece699d7b182d9a6aa0695a2a339a1,2026-08-26 17:49:56+00:00,train,older_non_holdout_record
273c3c43f04e5218769a1362843e18d07d919e41a272631920c4e455cdfe2e8a,mother_jones,Left,531959f996972a0b8a593f1e8ab11f441f899d72453a0e96c75f9078578f973c,2026-08-17 21:28:57+00:00,test_ood,frozen_holdout_outlet
274ccb11ca72ef6a9fc9e6a0dd3616f722d1679834be51d3215500874052ee9a,newsnation,Center,a42382f369f6a03f92c1316f46674c56212157fcfebe28060c4db526646e0982,2026-08-26 00:34:41+00:00,train,older_non_holdout_record
27a82fde8a1a0bfdc856e46183f408a9dc11002b53508b61bfd10d6a40e4e6e6,washington_examiner,Lean Right,f56cc7d417e5147bb8b32182fe578036591fb40a9c8cd832a852ac6930a16b40,2026-08-23 11:00:00+00:00,test_ood,frozen_holdout_outlet
27b56f40dbae7055ec1d12ed5c1b1c9a9373fb31d3312488efb6a6446aae9939,washington_examiner,Lean Right,aca3077057a2baafc3a655ef756f99af8271dda2a55d32d9ae528e0af7278bcb,2026-08-25 19:47:08+00:00,test_ood,frozen_holdout_outlet
28043bc030abf461bbf91e93677cfde562f58824785b8640ba00e7c020bce291,newsnation,Center,3f8cdeee55e446599d650eeb13c47c1f70f785ffc40c5f1b8560dab138e7ed40,2026-08-25 21:51:54+00:00,train,older_non_holdout_record
289ad786a752ad4e54abe5b88a979c50ba0748518ded356df0841ea80e34d3a6,the_atlantic,Left,59dd8fe1faf5c84fe10c9e1c1380af7c4081ebaca83129332eff41b33a126483,2026-08-04 03:20:00+00:00,train,older_non_holdout_record
28b764acf808505a2bba9ea4070c99567e65ec3ce7c861fe4c137e0dcfaad927,cs_monitor,Center,39b854b02ad613f7573e02d0f70f753a81c83e8eeba652f6f2691c53721697eb,2026-08-21 09:00:10+00:00,test_ood,frozen_holdout_outlet
29397b0509124d5b5985a8b993ed4a98358ea49e431aa5b494ab96527f9a250a,the_hill,Center,494107569d88ab9b1e5eef0c8148d822b1ad1dc761637223803a6f401afdd503,2026-08-26 21:13:37+00:00,validation,newest_within_outlet
29540953352690881fff6f07be801b5c3906b1aa8cee276ef92ed60a821b4bf5,washington_examiner,Lean Right,529708f7e83a12625809783fc0b071dd8ca507379ee3841f9c5c33c4ada9a836,2026-08-25 19:47:35+00:00,test_ood,frozen_holdout_outlet
29e67c8cc670e8403425adbd7812c8419fc59d7ad0adb5a77be4d4d36dd6cfca,nbc_news,Lean Left,addafb76490502000d6924c6f4f4f5f0e4bfd40a8f84725e296e59939104730f,2026-08-25 11:22:34+00:00,train,older_non_holdout_record
2a1ccccbea3baac47131bcd99b3355bd7871753b0076d10170afac3a0aed47d4,the_atlantic,Left,0d4f6754a622e1bbc635acfef8fd3c98a5b9642050a8771779155ed0dbd32ed6,2026-08-20 19:42:00+00:00,train,older_non_holdout_record
2a832a7595425d8e10a73a231448c4eb3b279dd30de16eb7667cc7c0554086d8,washington_examiner,Lean Right,1e29b295208b7fd7414b3755030d84a1b2dfc7ed852d1f6d33d3061c7a771766,2026-08-25 17:34:00+00:00,test_ood,frozen_holdout_outlet
2abb37f4e57453752f9fa2e3d1bd29fd357c656254fd6df94b794a0584a496c2,mediaite,Lean Left,2f9d878d809804334fa0382518eae6cf73155bca066e1108e474c3d5b8ab1ff2,2026-08-26 19:48:53+00:00,validation,newest_within_outlet
2b3259c6c078c60309c3e24474f16c6757f5c30e4ecf0406a597fc79264a9ff8,cs_monitor,Center,9ee304943ee4e8b83dd2658ef4a908b87fd5d54be70beed7060a4bdc39f87efe,2026-08-25 19:39:13+00:00,test_ood,frozen_holdout_outlet
2c00e8aba05079911bc886a9610bf1bce573e9af48c1f496779cd74ec59ef0aa,reason,Lean Right,7128e1df433fc63b4289c5426bb276326d6a2eb669f9f88870a3d8f514ec2710,2026-08-13 12:01:38+00:00,train,older_non_holdout_record
2c05f4f1604cc7ceccacc7ff749bf54490820920bc18eebc71ea945448d347eb,abc_news,Lean Left,755b786883fb8e2cc83532dfd7c74f4c6e932c87bc94516d7d7e429f6b16696c,2026-08-25 23:34:06+00:00,train,older_non_holdout_record
2c247ca4aa55553f8ac4e5d73dd59917f955ba4f151a47dcf373d70cf72e1b45,the_hill,Center,69f47fbc9cf7f5ca97747963ab79b6b2a1133d2fa01986cbe350509c9ea11435,2026-08-26 13:14:00+00:00,train,older_non_holdout_record
2c94c45f5f19a8a97524fb6b82247131eabfa617723809314d1903bb6cf08ce7,the_atlantic,Left,122daba33e9765127b0134a1e1beeaa1b47ae8f9e541f48e76d0a7865cf132f0,2026-08-17 21:16:11+00:00,train,older_non_holdout_record
2cae522a2b730cddd573c06bdedcbb978b66d29def6442033886bba816ad5335,cnn,Lean Left,9c862160ee095cdd1b0401fad2110cfef8f8a44658030bece4a624e0d99cf62b,2023-04-18 20:29:46+00:00,test_ood,frozen_holdout_outlet
2cc4aa3bbbe4326bb4deb8832c7270fec4c67cfc98bfdb74c173a9b398bf2da4,fox_news,Right,8b6215dcbeea8ec0addf54f81b35056fdd2bad6c6dc4b940664143b0ccb9595d,2026-08-27 01:04:12+00:00,validation,newest_within_outlet
2cd8baea6f36e1782993be672c68d8fc5eaf8b47da93c1624607ceadd9d6c4a3,mother_jones,Left,f95cd1cec7edeecb31e7b8eb6ed7a9fcb4401eb1ff72d93f2ef5b1369567178d,2026-08-13 18:38:15+00:00,test_ood,frozen_holdout_outlet
2d0d2ec488c5fde560fdcd8d74072972588fda7361bffe44314a76a795953353,washington_examiner,Lean Right,1104d85ec6cc862db529b33faee0a246bb3f67d38efca35b917839165ea56665,2026-08-26 03:10:16+00:00,test_ood,frozen_holdout_outlet
2d0ef9592cd8395c0b1a5b09f9a44175986425844dc38d61f4ab8af2771ddf3a,washington_examiner,Lean Right,9daf3780d9976e8a2c71550b534c522a5f622fc50da29a3100b4db352f3635ea,2026-08-26 09:00:00+00:00,test_ood,frozen_holdout_outlet
2d7c26aeb5e89bd844f505592b8de6b18a82781393e8c0db7b5f7fcb937902a2,nbc_news,Lean Left,dbe3fe5c5774ab2cbfb135125c7e4af38a62eee9536e9ccbd367f7a8ffdf138e,2026-08-21 20:21:41+00:00,train,older_non_holdout_record
2db59359af143c33d9a9287ea051cc5e2a9d864a74e06865606999c64a3aa9c5,washington_examiner,Lean Right,2968bb0f6febe4131b920effbe35588e6ebc16308ebe81ca9a0ccb2bc9135073,2026-08-24 19:50:28+00:00,test_ood,frozen_holdout_outlet
2e064d55565c6a791e965b7e10b9c5ec8345ca754c5cf8928013484c73ca6400,nbc_news,Lean Left,a0f98f610934788a027b79a8948a8082c86a5042cc5be464550f31923dd9ed4d,2026-08-26 03:01:21+00:00,train,older_non_holdout_record
2e9a104e0031bbafab6c1a15aefbdd6c53457827e7395a3d1784570a8d7243b1,reason,Lean Right,63e0e63a9020355242532054aa1a5c8d2c058bae694afe6b21634fd7e2e5ad5c,2026-08-19 15:00:26+00:00,train,older_non_holdout_record
2ed0f46e1e6d4a4789ddd2d5743293ba61f410dde95ca4b71f3fefbe170068a9,mediaite,Lean Left,61a8f77e6c1e5fffbb7505ea44dec62de2a996da9e7dc962d93825a70e23553e,2026-08-21 22:12:36+00:00,train,older_non_holdout_record
2f61e7295a82d46936facc5c1ab9213bedd2c870c288075f58db2e56caf68f10,mother_jones,Left,74229f09c086e7e49016800f2456d5ca86a74ddec75c20a179b68598d4ddb897,2026-08-17 11:30:00+00:00,test_ood,frozen_holdout_outlet
2f8bba5de9dc0f1903271bff283e34388edc43d9f486bfb2d1a9e5209e8692a8,nbc_news,Lean Left,6c1efc177ef30895a8afe6e6aaf01f77cbbf80ba67b433e55388ef420ec583b7,2026-08-25 21:30:00+00:00,train,older_non_holdout_record
2f9b2f3ab1c6a5a3d97d0db2beb9a1c270c29561029b33ad3d26575ec5d314a7,the_hill,Center,d63aec8b0b5380ce8cec308db7fec5e15bb76bb12eefb62196c0359369ed0583,2026-08-26 16:30:00+00:00,train,older_non_holdout_record
2fa4ab29724f25e2bb9add20459789e4c6d6d374185bf45459cb16ccb23955fa,the_hill,Center,21c89944b5b853fb895d321d56061792c10c42485ea31f28e5223b63d75f074c,2026-08-26 10:00:00+00:00,train,older_non_holdout_record
2fb034b7ed3eb3202539dd4391e2862264589f89550bfda787617b0e00982fd2,reason,Lean Right,79b8b2a60621a8d39c6e2aff1378e8dd2aa2e0df260b267ae0cd3ada9c7fe63a,2026-08-11 11:00:36+00:00,train,older_non_holdout_record
2fbfdc5345fa4b6d871f0c88a029bf271eea52d7211520410bb82b487e70df19,cnn,Lean Left,80c3e08219a18a11555d80ddd542b0e805ee9fb0c1db21fcea06092268caaea9,2024-06-11 05:09:45+00:00,test_ood,frozen_holdout_outlet
2ff86026c144de7d40a90cbc1c98d7bff7b5c2a7bd8abb416e75fffdcf994ebd,mediaite,Lean Left,77c684e2ff4a56c1755e7a4c7cf20f83747db39458d30740cb6ae773e04311e3,2026-08-22 23:10:31+00:00,train,older_non_holdout_record
303d45e01003d35266536fa57b4ebf713b5e21b3a2ca13730c9e6d5fa5e5bfbd,newsnation,Center,8c710b0d1d8d284dc4d366dddb4c44d36cea896e3411d120498a2de5ef1c0a4b,2026-08-23 02:38:09+00:00,train,older_non_holdout_record
305d77753c1c695ca6782f8737ddbab05bf9028c676d6be6df8831a26e0af2b6,washington_examiner,Lean Right,add96b11bc4ee3b1d1222730f4a36cc7b8bd2fa819a35548382fb2ccceac22d7,2026-08-26 00:08:54+00:00,test_ood,frozen_holdout_outlet
30742bd361fc31a4f3ba8ac6c71423e07fe124dd3468575406cb10d8a276d0df,washington_examiner,Lean Right,861df205d5ca355809ee432a5967f7f0561889a404a805e97df30017855035ea,2026-08-23 11:00:00+00:00,test_ood,frozen_holdout_outlet
3084d3b84563ca7b72e959ebbe2564b6b66743ff654f9b1e4b78de510c987f42,newsmax,Right,2862efb3d9573756bec9745a34917b90e053ced13aab623dbbef4bdca519569b,2026-08-27 07:00:12+00:00,test_ood,frozen_holdout_outlet
30c2f5771e30e7714039afb952822e6bea7ad1d703052defb3f607e686751d99,newsmax,Right,d4f55e122b05cfde641b76127098392dd3825a591b647f2bd41c2b783722bb06,2026-08-26 22:45:46+00:00,test_ood,frozen_holdout_outlet
30ced3b036bf22acc378ef658d1ea60155fbb9da38228799859015023cecfe91,mother_jones,Left,4b3ee78d67ad369be5db38277bb23987e0333d662c680069f8c09cd1140f4697,2026-08-19 13:20:26+00:00,test_ood,frozen_holdout_outlet
311883aa557c15d3d526041ec8501e6cba657af4156c6cfcde51400669ad1fea,nbc_news,Lean Left,37fbadfb23744d25cf55cdf90ed52e979d75ab4f43352e427e39967f9d813b83,2026-08-27 01:19:18+00:00,validation,newest_within_outlet
3152e9c5167074361126d556f2979494fc716c721f9e8837c67dcda1e7812728,the_hill,Center,80ae3c34083ea016072c4a9b90675138fc5ea98356725a18721c7c141b620684,2026-08-26 22:02:14+00:00,validation,newest_within_outlet
317273b45a96764547f0a4e06aa294e577e49a955c88cfacca1734f7ee80af6a,mother_jones,Left,79f7e05ac309bffdee3f8a1a1ad0c2569af207f7954ba8affd3e2e10f2bb04b0,2026-08-07 14:00:00+00:00,test_ood,frozen_holdout_outlet
31c9e883f582feef46af525e788b35ca351aaf81e775a38c9ec8617e030d224f,the_atlantic,Left,c15963054a1b7c126d4c9c8da2a23369561d46633e21c4cb1494f18cdb91a008,2026-07-25 11:00:00+00:00,train,older_non_holdout_record
31ffe909cf70be174612d662cb2cc21253560d1f8e377cb04db2eed68e33b092,breitbart,Right,2a238039c45b1d7a3214a894d58f7345e4f922930232b052b98a63d1af19a0ef,2026-08-26 15:18:17+00:00,train,older_non_holdout_record
3222dcef6c916e3a6286167db22ac30a94f6cd0f6ff574ea97aa413fc64da8bb,fox_news,Right,d04c457e37c4c9e21c3b2991d52d17cae33974f626232d8a9a133c299f1754d3,2026-08-26 18:01:29+00:00,train,older_non_holdout_record
32471004a2642ca425dc4120a8c0918ec1a83cb269d639257ad1ae812ea6bc74,reason,Lean Right,b183fb1aa64ef625b12dbf9773e90a5c3b045f2ceb13b4bb4a9f1834d32d1070,2026-08-26 19:41:41+00:00,validation,newest_within_outlet
326e5277ad823581faa087bebb5b50869e346c73e06831808e6fe85841730019,fox_news,Right,acfd0e98372577ffd962f1a3a144ac1473e7517384ea28d895a59087848ee5fc,2026-08-27 09:00:52+00:00,validation,newest_within_outlet
32f5298182730b5be811807447c0cb66eb042077a5475dc6508949f953fda783,the_atlantic,Left,d8dde3ecdcba1204b9a186dc49e1bba14c5c1997fc6d211f4f274b0dd5409698,2026-08-20 16:54:43+00:00,train,older_non_holdout_record
331f5c78065caa16f66e05e0739a4774ddf40b8bf9afc62b7b889851b647f3ef,cnn,Lean Left,2ba7775bdb07ea90c32f6b3316896b89c70dd06371de7740f041764c569e9df9,2023-04-17 16:01:11+00:00,test_ood,frozen_holdout_outlet
333202acdd664329e39a03a87c3626d1c8a2bce3e935f96901a66b4d10b9f512,washington_examiner,Lean Right,f45575c47750ca1299569138008ecd6ad5446f04e6daa8472139272b9a4c379c,2026-08-26 16:17:59+00:00,test_ood,frozen_holdout_outlet
3339e3f1489d9c002eaeff54bbfa04acd5f4e1dc0652d849ec864df7f3babe53,washington_examiner,Lean Right,1df88c35e379dea50e18f0603bb81d78d38fce2c5d9dff958c43acc01cac2d82,2026-08-24 15:13:50+00:00,test_ood,frozen_holdout_outlet
3365cfc63fb5f614e61e4379d1ad1e4bccf9a78c16ef2a4ca502e4e4366d26d5,vox,Left,b8d96b1c6d47e36e134d67bb6882d7b89964f2278f26751f06425ee7a073d69f,2026-08-05 15:39:23+00:00,train,older_non_holdout_record
3368b7f265eb060ac62b6033fa3e19152f1ef2c02f6fc62b32045f058421a61c,cnn,Lean Left,a243f0be4b5c354a08b4d71338c9899f8d2fcc55fff42a474067bcf7f6fb300f,2022-12-10 17:24:17+00:00,test_ood,frozen_holdout_outlet
336c7a86d0a84fdd81afbcc7c38e0a59b51d67925e363eaf479d7ea72e33cc23,mother_jones,Left,442b6e52113aec45e4673b428da8e356ab99559914e0fddeceeb6865ca85e990,2026-08-06 12:58:27+00:00,test_ood,frozen_holdout_outlet
339249f5ca363deb845a9329ba13bddfbe07432b33b943ee5ce62c592dfcd717,the_atlantic,Left,049091fb4c8820ea49239331d067c85cb911ad1f87207964ed70b9711d6196f0,2026-07-19 12:00:00+00:00,train,older_non_holdout_record
33d1d089f267b2fbcc06f4a7756ba899efaf6e20e81aaedbdb0b104ab27e1b1d,mother_jones,Left,abee2fd0d35802b444b9104067326c7dbdc63fbe2c7cfd2dbd63767f76f5d2e9,2026-08-11 16:55:37+00:00,test_ood,frozen_holdout_outlet
3441c2dba64180d22d3f0e5662909b5b55d7edaf11404fb6d20603163c3ac0ca,fox_news,Right,6271b59bfacdc4a91c9d9bc32349e138d3c1f531795202c40710112053733d2f,2026-08-26 15:49:50+00:00,train,older_non_holdout_record
3454619ddee3c26801bdae119981fd282610fca68afeba869cbd899f9bdc7788,the_dispatch,Lean Right,7f1b027330bd1ca54a1bb57b0750ecabda608239e0df00f34b8daf375ecb4021,2026-08-12 05:00:00+00:00,train,older_non_holdout_record
3496dcdbfe92c895e47f6d21c6ac38ac003a6650c91446d7869200f89f536bcc,washington_examiner,Lean Right,fd24f4c7826a56d68aca70836271e75d0a0c6add5ecad93b75429a0df2a7e2a5,2026-08-26 14:54:45+00:00,test_ood,frozen_holdout_outlet
34a5409d0f1f7e07aa91e9d122a141b3056945f86d0f8ee388893d2f9b384009,newsnation,Center,ef9c6a9bb404d81cd2a52893e342ae41e41863b6e7abf02aa8cf5a52d8145dd7,2026-08-25 17:25:38+00:00,train,older_non_holdout_record
34af50af23a2be651f43db6c413cb7c9539e73104ea61ff242b6339c76a384ef,mother_jones,Left,1fbcd42124763359276fa341ccfb469c30d72f29f021d31b788e1eaa28f3105f,2026-07-23 11:30:00+00:00,test_ood,frozen_holdout_outlet
34be4ff30f36e362dd8405fe9f780d467fb3501070338399c64ba1167e297202,mother_jones,Left,594ccf90d896f7f996928ca4f37d21ffef9cd7648d059b914ce8d10d3f2b5ed6,2026-08-05 21:35:08+00:00,test_ood,frozen_holdout_outlet
354bd5c922ec121dcf7bebc6c664638ff27c76891e1eb39a9a28ab2f819a5386,newsnation,Center,4d32189a8ab991b787b50be475bbd9d97be40a919f246f3f2012025f1bd3d0e3,2026-08-24 21:18:38+00:00,train,older_non_holdout_record
35c36083e578af3ebf59f7f90bdd6fb6c86e6e22c202990779087562796f785a,daily_wire,Right,fcfa7edd99f2e3139aa7609139919c15abe3fe2370c8c8b1c243485d854b458b,2026-08-26 13:46:05+00:00,train,older_non_holdout_record
362b823481800c9f310602f58252131992a7ebbdf8315a249923c29ba00bcaba,washington_examiner,Lean Right,f2e5f42d2b913d66f4946edca25a5f0abe7757a9c9db87354adc1130f246e1a2,2026-08-26 12:00:00+00:00,test_ood,frozen_holdout_outlet
36523d4e309c9d89c19715a63bfe647f45e2011f94b61fd4e05741028724f51f,newsnation,Center,9ca2faa8f59de1e7ef875a89779c12c78bc1e7946104e6af8ea049414aebf52a,2026-08-25 12:16:01+00:00,train,older_non_holdout_record
36a59928e354773d549e737a7e945922ff866fd4c547e826fe8c83e741bcf998,reason,Lean Right,7d6a16c7649dd58f955414b589ad0755addf0e0e56990a22c886734a727b468e,2026-08-20 18:55:38+00:00,train,older_non_holdout_record
3719aa548e56c5a00d2f86133598620dd967c06b203c83066f2ab8b761ef59cd,reason,Lean Right,3cca81d8ad42be2668a938593ffc5f03b371f346948cd2d51ca1f25e1d5513be,2026-08-16 11:00:44+00:00,train,older_non_holdout_record
37d8cd7206bb88ad22f88ace562e374c7695e3c4acca314942debcf70be6944b,newsmax,Right,7329cffb1a90277ec3a1d6b1456c17449702f35067a54f9f638212e716283376,2026-08-27 02:17:18+00:00,test_ood,frozen_holdout_outlet
37daba2595ae253cfaea121ef809c5e17be8e696df374be4be13ceff33dd8f10,mother_jones,Left,6fa47b449f7eb9324b2a088c803dd278c32e6b26b60e95239acc4f8016ccefef,2026-08-16 16:15:01+00:00,test_ood,frozen_holdout_outlet
3849ceb77cf5bd6056bf411429f80f6cf4cd56c1d4c4d7d9a8152418be496df4,reason,Lean Right,ea346940ec6eb12acf40cd60f8cce04338aba11ad3835dbcbc7aaba36c1518b3,2026-08-26 16:20:19+00:00,validation,newest_within_outlet
387eeac69364cf9a69355293bf0bdec962f9570c688c7ca75c0f4ae54d32f0b6,mother_jones,Left,004ca65cd9d4d82bb60ff7c36fc9cef2da8bfed456eabca9ab3d38b356d951c7,2026-07-24 11:24:00+00:00,test_ood,frozen_holdout_outlet
38d60fd917460da2b1236ad50441f249a8c63ff53a1ce8c9bbc90cce7e58c7f4,mother_jones,Left,69e9ea629255f06d4e226ed4b57a9a01bd4593ac8b533fd8634c3684b37a2009,2026-07-29 16:18:52+00:00,test_ood,frozen_holdout_outlet
398bc6ef41f5c7ad37aab732007956174f4acff9c91b83b4c50fec4e6f20d58f,reason,Lean Right,563801a1d7cfc26a632fa5e9596de54a379c616c480459e8d6080c544430a9dd,2026-08-26 04:58:30+00:00,validation,newest_within_outlet
39bcb55c851309ae1962138e58409b56c974f2046225ea0305de5a301bfe9d4f,the_dispatch,Lean Right,a4e9e7ea53a3c24f69dc6386302c99d2447df935eeced44c2e45f8ed8fad252e,2026-08-25 05:00:00+00:00,validation,newest_within_outlet
39e45cf673222a527179b49cdd5b32292639b483bdfe68cf9b6e26b0bf7ae731,mediaite,Lean Left,8ee5bac4494360eecf7522c2dcfea51ed6ff59f767d5b70712eff3add634316d,2026-08-26 21:59:49+00:00,validation,newest_within_outlet
3a41b4463f955674c70f4daaaf35bd63bc3cd109b1c3a6506ae079ad1b83b975,reason,Lean Right,1fcbfd162dc81badb107740de2dcca2110af38878072d0e6fbf929f882c4eb4a,2026-08-12 12:32:40+00:00,train,older_non_holdout_record
3a43f0412b0745b1712be5cbb42c814d16f5e37f0a31bf456576fe5b1e906708,fox_news,Right,179c4603ec052cbd9b47423ec4eb0c587b3393eb79ad6c40c07f4a9ad61bf3c1,2026-08-26 18:23:44+00:00,train,older_non_holdout_record
3ac0c95d7a928d08dcedb0eac8995aab9283ec6003e43b12f59b6cf941358d69,washington_examiner,Lean Right,4205456c30c1d95ad9f82792ed829df078f9f4ae3605f89fe26a8c1e4cf65b53,2026-08-22 22:13:48+00:00,test_ood,frozen_holdout_outlet
3bbdbcce9bd9293d575884e4272653b197674802886a95303137bb3463ef0e7a,washington_examiner,Lean Right,9fedb90f2ba6f83d69927dba10d56631a4acc0d5559102a921ee33f755cc09a3,2026-08-23 10:00:00+00:00,test_ood,frozen_holdout_outlet
3c7ae727108642d254c77111d0e2e0dbcf5f15f37f3feef07aaf3d9739f1bc15,the_hill,Center,82f5dbadee9aadc2c78688922ac0d4da95f7ceb4534c07069fcd0f9b70d156d0,2026-08-26 13:00:00+00:00,train,older_non_holdout_record
3d4b328221a782b189e95b0988f9e01eb9683aac68e017e98ee43958227d8f99,vox,Left,1a322ea6c2c36ec50953b92a7c03d988032cc2505726fde7faf82bac8a4655dc,2026-08-18 20:49:18+00:00,train,older_non_holdout_record
3dee9fdf9a3080675d026be182a8b73b5ac556f8ea2a6f7fe36256c66430a6d7,the_atlantic,Left,c7503f2fc9a7b1ec23a1231ca23348db9636853a1b6454e65b05b1dd9662192e,2026-08-13 19:21:00+00:00,train,older_non_holdout_record
3df60a198538fa8e9288ab9f83147a98e0eea81d57b15c8552e2c5e26c58445a,mother_jones,Left,fb190a7450d6ab01392456e331ee53d58fc9bcb4d4b3456522efca69a2475faa,2026-07-22 16:29:02+00:00,test_ood,frozen_holdout_outlet
3dfcaa8764140e007b172025500d74b0832b7a60771f91655bf7386846d43e5c,washington_examiner,Lean Right,5609f5977152d8f6f1b527124572a1a5399b3fdb648a589d91deb32e72ac5766,2026-08-25 10:00:00+00:00,test_ood,frozen_holdout_outlet
3f0d6e1b87969638ceb97e80cbb702bd7de2d510411ff0a40027ba471d41d8b8,reason,Lean Right,399dc2574b035fb8b93039096c8f07886a8951faba22a688e03e5de87561c6dc,2026-08-13 19:18:07+00:00,train,older_non_holdout_record
3f31a29d9b1d0a234f6f02f7f4a38980e3a0a67e4f5fbd4de52ad02732312e3d,the_hill,Center,d0303bd09a1511b5a811c2a12c76bb08ba668b907bfc54db70f1ee23a5f6890d,2026-08-26 19:51:49+00:00,train,older_non_holdout_record
3f4290ec50c3e367c7c95bdc3770c2a643fa1e2abf12ca5e43db510d53a3aeec,mediaite,Lean Left,4be5f42d92b3bfa59e0b09d8ef69dbe4dbc1cdee27e0a793ea9f042a7a053fba,2026-08-21 02:29:01+00:00,train,older_non_holdout_record
3f94ee5fc20b441d7b3e985bc69b2d1d8ed588e13e349f7bd6097b22957c6d30,newsmax,Right,da187c70e25e542b47b742ef57cee554e0ab58fd2d152be7935098d6ab8ad5cc,2026-08-26 23:51:53+00:00,test_ood,frozen_holdout_outlet
3fb8f5e815d1bb26801eb44ebfc990b748e0db95a199962f1bc247411924d343,washington_examiner,Lean Right,7f98515d219e5a7b63b88d4ef7718551406867d0fe1a694aa88be6f210b95ba7,2026-08-26 22:37:52+00:00,test_ood,frozen_holdout_outlet
3fc973fed2fbfc57d7fd988b6d9846cc05055b79af2c255713df16393892dcd1,newsnation,Center,88ab33e8d29bfa96e6c45e30cd6fccefd934319c86d9cf00e3333508733ec477,2026-08-25 14:25:54+00:00,train,older_non_holdout_record
3fcd7cbfd4db6b2921c46e54fc984c4b01a281df4984703b531cb898cc581915,washington_examiner,Lean Right,01929bce8730565dcb2d3f98c860d7547868a9ab7c05c4a3f59b70d72522f75f,2026-08-26 17:09:00+00:00,test_ood,frozen_holdout_outlet
3fce44e270bb3959f2431c1a030efbcb510811f0f3fd68f07d6ff1639419a4ea,mother_jones,Left,a1250c8a56f6a24876cab8096c75c2fe15fc1ee9d435fa8661f3f38264304d28,2026-07-24 15:59:28+00:00,test_ood,frozen_holdout_outlet
4035d8e626089bb828529a8d990cec8a7f344aab086d4ea8924b65bb10d2dec0,reason,Lean Right,878537d1a78494a14888fabf125b2b1f360c82fb0f4eecfb80bacb208e0db0f7,2026-08-18 18:25:46+00:00,train,older_non_holdout_record
40e7990d1788681e1d93810391c507f85d195aae2ed1119ac7337bf50a2c8c50,washington_examiner,Lean Right,8c57bf230052a3e107f651e2cc6b94b54ab0fbf1c8cce43026fbab530c8eb56b,2026-08-25 10:00:00+00:00,test_ood,frozen_holdout_outlet
411388e2a344e280b366505aed81992c3ae0da06b949b073cffd48cc7b7e9f8d,mother_jones,Left,a778cfc5e945f717057e256bd1a36e035fddd2bcfa281cb3a575b11b735acd14,2026-08-10 11:30:00+00:00,test_ood,frozen_holdout_outlet
411d635904778e32f56bee581620712669ac9bc0a1b96da4bac145b1ff1c73bd,washington_examiner,Lean Right,6b458f5127a2b42741b7a4c19b25152f8dce0ba5a6d58b8fd160855cd7a1c47a,2026-08-26 01:02:05+00:00,test_ood,frozen_holdout_outlet
414ac41f0b6b76a1169c2198ac10df262712bef59e423614d851444e38a51358,newsmax,Right,eedfc9f9e14ebc3099a35ea49b48f852e3c8064aa9592d1abea5587cae416b5d,2026-08-26 22:58:56+00:00,test_ood,frozen_holdout_outlet
416acfbc2f1f391a53a9a9710ae268f2fa122b50751be15fbcf1543db892c57e,washington_examiner,Lean Right,597a50a9e5f8950f640d81e27534809b99a86c3d2fe5c8a70f6e58fae1c79fec,2026-08-25 09:00:00+00:00,test_ood,frozen_holdout_outlet
416d072f67ca6b75a5d4191e1e300a704ee6648d218cb33ab03d273f3f7c7562,washington_examiner,Lean Right,359a092e3eac864e0a5aab8b1d1ea00fd166717dc346f99e65e6b8caa4d5cea1,2026-08-25 16:44:43+00:00,test_ood,frozen_holdout_outlet
41cde9d5b362b28e8484b56015fd5145f5f277f3430e397e0c6ae689d593adca,washington_examiner,Lean Right,79c253429f467a2a37f9f759cd2d2edb8ad87363e3958ca1a578a52452b34ee8,2026-08-24 15:54:50+00:00,test_ood,frozen_holdout_outlet
41ef414932d435097918bf3a93a59d02f534e89238be10235fbf3ddd62f48090,mother_jones,Left,713332ef217560f6df2b506f6826b98844b9280e5531c4a67f5c35b6b2c89d42,2026-08-19 20:49:39+00:00,test_ood,frozen_holdout_outlet
42b133f44bd607a51ece3401e5407e2754db0ecac348cf04a5a7f1e3ce53c587,newsnation,Center,7526f064d3982b999918475500ba6044385167de740d9bd1d3dee161ef3ea561,2026-08-23 21:24:38+00:00,train,older_non_holdout_record
43d3800b48310e5ef7cd1c107cad1560847a0cab135e7c9138cdbc6a8778d438,abc_news,Lean Left,a05ec6a50128879d9673e33b45dcf4f488bfe4fc557e8e6fb39edd40856626ca,2026-08-21 19:21:22+00:00,train,older_non_holdout_record
4401aba69bc6e99b678d232c36acf7ce9419683b0b32073192ded7f2dda9811e,washington_examiner,Lean Right,8319058fc0ada5c423f1e411ad5c65b0149391560e599561565e993c05c76563,2026-08-22 10:00:00+00:00,test_ood,frozen_holdout_outlet
444466834db14bc52ede64ba83845038d6e16b5da3f80b2ccbd35b69b9719404,abc_news,Lean Left,1c1bdb1ea9beeff48bfb3ca4ca66fb6c3050e4c659994eeb143ffc4c798b50c3,2026-08-22 14:33:16+00:00,train,older_non_holdout_record
447ab909345f2081fdb2b5e10d76fada4bd506139bd42272bd460a31564c1071,the_hill,Center,415dd0086a6400344a071762b9840035a6ed3ac4f22a1bfc00b161709dd18e9e,2026-08-26 14:59:01+00:00,train,older_non_holdout_record
4508a951d8c2a8b8f4eda3d5d654d6a9f4ccb1f718ecf51b74918fb0a43b33e8,mother_jones,Left,3d1c17f9b03da1108296353632e2ceaeab0de5ebcd8e38122b84b696b8e54e94,2026-08-22 11:30:00+00:00,test_ood,frozen_holdout_outlet
450d1b7d914da02f7f106cd9edb8c9f707aa2004562ce7070908288bdea6e0fe,washington_examiner,Lean Right,8b530ed291df908fde338e5a4d74d405e9ced7f6a8c335c1440a1c17659875c3,2026-08-24 16:23:11+00:00,test_ood,frozen_holdout_outlet
452497ad18e6f356aafc67578b455a4b1945c6beab0ab7f22d235acfb6160f8b,cnn,Lean Left,c29853e1f549ab6db410f6cc0fbaae7b15c5bd06f06409e4fe28a5045d0f7e32,2023-04-18 17:38:16+00:00,test_ood,frozen_holdout_outlet
45abfe211693254e8f4465ca95ec79f436eab066612c30daa8d59fa883098097,washington_examiner,Lean Right,5a0fb21cbae78cde31b41dbbbfec05240575d7969eb64c082987d893d2ac442e,2026-08-25 12:54:55+00:00,test_ood,frozen_holdout_outlet
45faf954d87cbdfd4832f65091f5bc78398c26d500117159eb4881ecf272033d,reason,Lean Right,94d6b76f7034c96d7252a1b93996b507a6ab08209a936db4cf0017e0b9f71e4f,2026-08-14 12:01:35+00:00,train,older_non_holdout_record
4635aacf62952a624ca2a8564201e8355ea0cb01f1d83db83e7a763ecffa8c69,cnn,Lean Left,bdec29d875298108eeaa1add52eae8fd18f586253d6100ccb37a1b8de78c84b8,2026-08-27 08:52:16.913564+00:00,test_ood,frozen_holdout_outlet
4653bceae25112878451ecdf7abc70ea52e1362d7e9fe01eb997f2346e1c2826,the_hill,Center,e18c51ec5248d7290529e054e4802cf2931d5667389eda187b2fd835d0e87831,2026-08-26 16:54:05+00:00,train,older_non_holdout_record
46d1159d56b0b0495d5ede3127137f72849b940b078bf1d9c61329ccab9ac755,mother_jones,Left,174525a190e8dc0ef7945527e2614faa9f8dc4b0c97938b6ee15ff1450fa591d,2026-08-03 14:30:06+00:00,test_ood,frozen_holdout_outlet
46d274997c16124cf2d59ab44fd0a72fe75e2b397efc271669d0f4cdc5eb1847,the_atlantic,Left,5cbfae1b0c8ddc7900305dedc294b04d0eb40fcfdace462652beda25d37f3307,2026-08-15 10:00:00+00:00,train,older_non_holdout_record
473c78c7d64a6ec0fd51602f2bf519356072442bd3bdf2d644c631fe24307ffa,daily_wire,Right,c38db9eef73c8e4567a07b1e0a2929b8eb0277384a673f941ed7f09b38bdd539,2026-08-26 11:31:09+00:00,train,older_non_holdout_record
4751f052d7ab0d56df3610767ed619120bfe704048198a3233648de6419e846e,newsmax,Right,b835f075acc99c85b3d86a9507972992986f557553cdcaaa4eceeaefe79df331,2026-08-26 20:24:24+00:00,test_ood,frozen_holdout_outlet
4791b332a48a1170b257ce82f87427cb00b30f850df5c8b3dbe9e770d685e363,newsnation,Center,50f4989a845c64785d3e6190af4e7e6a0ed2fce94c75e4d59da4a1cf68e57cfd,2026-08-26 11:27:41+00:00,train,older_non_holdout_record
47ae2be05ba4191bc24c238d4664ca7667c640e2de7dc8d0b70dc5e80db922f0,washington_examiner,Lean Right,a1720af7e712d5f50d8f6876437246b3b96b3859b2347ffc5d88f993d655efd7,2026-08-26 14:00:00+00:00,test_ood,frozen_holdout_outlet
482168124db9294a1f33e17a7bc0a04938172d3b1296651a50c07dc549d9cf7b,washington_examiner,Lean Right,34c18138342ee15129d23e81bc4a96f0c92e6ba20b13cdff580a67cd19434a08,2026-08-25 20:44:14+00:00,test_ood,frozen_holdout_outlet
4848c95ac750dd09237afd67c2fdad3add46ad9929d9a14bee932f25980d27db,daily_wire,Right,18283f0e2a28717ba37aa9e0a24decab7f8cb84e9f0aae89990377f81ffa3291,2026-08-26 17:47:26+00:00,validation,newest_within_outlet
488fbb88d007c365cfccf9c18808951505300a29b029727a16b2c3c33ea249e4,newsmax,Right,3e6f05ffcf08298000bae79fd9b2968cee1ca93b3ba2fca19e075e1e57019d6b,2026-08-27 09:01:01+00:00,test_ood,frozen_holdout_outlet
48a1224905e26027a2b2bf5cf43c3b75b76f9b0288a7feb971502bdf49024019,vox,Left,4cb47ea9deb11fb5864c30ffbb51c5d5c54056bef814e32320606cdb67e138b1,2026-08-11 11:06:31+00:00,train,older_non_holdout_record
48a90da52e604c844a38cadd97436de8e9246b408d77ff95ab284a52c85f7e19,the_hill,Center,862825d47d8fde43e01950f395cfa9ddf39eb9a546008f87d1fd6ca84e232c2a,2026-08-26 13:48:01+00:00,train,older_non_holdout_record
48e98fa21f020cf73fb9212bc4f29352e5cd1753e68f9106e2499427d284d32f,newsnation,Center,7f95eaa4d2c6c989f8a272ffa104ba7f9a4636cc812b45e0f41493da4c61703e,2026-08-24 14:57:31+00:00,train,older_non_holdout_record
48ebbb6d808668f425382fe9b55fd42db772365d027a8812ecb4bc1e25d6cbd8,mediaite,Lean Left,7debc9a3abe5169628bcad5a99d154dc45a1e61ef727f119f2100073f2f4feb5,2026-08-24 16:20:42+00:00,train,older_non_holdout_record
4921f3a9315ed698c17a3752404d1fcd11990e89261d1bc331e6f768a7ff31f0,reason,Lean Right,0f2e58a57c7704f402d73a471a1d2f8771c79ff46537f2327d0df3d69cb4a7ea,2026-08-13 20:10:11+00:00,train,older_non_holdout_record
49220f17a18f2abc23acd61cc5168ba9ee4e2114926e430827cec137e18ab3f7,breitbart,Right,c19fd4b6e7108fa191157056d0741dab78f1f29e4904718f513dfd700a8ff5c8,2026-08-26 20:16:58+00:00,train,older_non_holdout_record
493cff4a12d84741c887514ff186f8877d6ca6d1f65e6f0ddb6441d126a21b74,reason,Lean Right,63303c321f8510d836b44a89281e154e6e53c3ba3263c39677411f0f870fe649,2026-08-21 17:20:00+00:00,train,older_non_holdout_record
49545b6c59fa9a0bcaa24cff46074a65d3d4f6da9c88647ec7a76b7a3a8dde66,washington_examiner,Lean Right,7b657a82c96d5d9798ac777f30e0dfb97dfd3a9a787389fac0913b54747903af,2026-08-26 16:17:10+00:00,test_ood,frozen_holdout_outlet
496a3c5124785946694d23b4b7792d9cb53b883d1f960308eee266ab1c513cc5,nbc_news,Lean Left,d441293f04b50e14f9e31f16635c66d2067e580003f6c9465954f30943904ac4,2026-08-26 04:07:39+00:00,train,older_non_holdout_record
4a8b2ae4247b356285da813c2de9de0ed036e8a77649a3a4b4fe16324a74c4fc,reason,Lean Right,cc5866bd713760ec4e5686760a5aa8d63f1f4c12cc69226d4dd02f15640d13cd,2026-08-14 20:23:18+00:00,train,older_non_holdout_record
4ab9c0ba4ce75dfe3a3f730a5b029ee6ab75c84bcda1b33fd2605bde807e9490,abc_news,Lean Left,eb64347d4282710b53f11dd6f12901a21cccc113490c340c094ea7be758e2b3e,2026-08-25 13:06:17+00:00,train,older_non_holdout_record
4ad101146d175ab9eff5695f2af62753f07d723abc0e3e9e9596b2cb263c2abe,washington_examiner,Lean Right,79502dda9af377b64054fb134dfdd960b03abfd634e31e5c8dbed680f12dfa46,2026-08-22 12:00:00+00:00,test_ood,frozen_holdout_outlet
4b0af84500f845dc0d17ac370dc098f3cbcba733e675f805ab8ee8295e3defe8,the_atlantic,Left,721188e6bb7f6cc067cfbdd81df186c1b2161b487dab747605dfb4128dbd285f,2026-08-22 00:09:14+00:00,train,older_non_holdout_record
4b14a6f60794619d06a47cace0ebe97550980a85b1ee35523a3753085bdb5928,washington_examiner,Lean Right,76096282d43bda81b0d44581ee4f7bc1aa4ecab4d612242f1843824d4492a60b,2026-08-23 09:30:00+00:00,test_ood,frozen_holdout_outlet
4b359522bac10350127ebe7905350c8725576e3d76230a1731d67bcc72b55452,the_hill,Center,2a75d6ecdcb02955d28d7dce1e33765ab3c231e170393976ec08ea0f9456355b,2026-08-26 12:00:00+00:00,train,older_non_holdout_record
4b5cacf88cec2c4f1b80dab34ce6422e26a9ee5c24d31e8ac8932dc1fdd67261,reason,Lean Right,8a9da7d60a7c9bc65db73eb9c0677d8e33cb27c1f6b8ad9eb2bd028df24bd2e8,2026-08-14 15:30:33+00:00,train,older_non_holdout_record
4b7f4988fa0d66bcc3c11540c53c7190e0712fa0ae92e6204793d361b6414ae6,cnn,Lean Left,52229ade129ee3520bc92b682e9c1e8eb5bd49d5315066caef412ab9735f1e71,2023-04-19 08:35:33+00:00,test_ood,frozen_holdout_outlet
4ba71879c4683c3fa6b5acbfe3000ea28250cd1ba65f2fca47c9ad6feb87ebe9,washington_examiner,Lean Right,3ba27cfd8aea81802ff84b74880152dfb22b938a13447a50c5cd67e6ebf469cf,2026-08-26 12:29:20+00:00,test_ood,frozen_holdout_outlet
4bfe451c95c8cd4c400ab13e6f50af39a48ea6263393d8e8b74e77dbfa676d29,breitbart,Right,5d798d30efba2010c2473d7bb3c55f6cc25e0a35768cdd8bf014a7b402459c47,2026-08-26 17:46:36+00:00,train,older_non_holdout_record
4ca5d33f9493a44590120e057f86030c7d5f43fd3f2104a8d24978f450b56192,washington_examiner,Lean Right,c6506341207b24a5e291e20b37aa1ab5941790e3bc64c03455cd17070efe2675,2026-08-23 18:24:08+00:00,test_ood,frozen_holdout_outlet
4d21682f9cb23531da13d77f2ce1860fe341b172366341f8f2dad94c704cd98e,washington_examiner,Lean Right,fbbf765e4497b0b69f1b230fdf146c70260c2f18a8f45a43c668d5d5bb0dd896,2026-08-25 16:48:08+00:00,test_ood,frozen_holdout_outlet
4d5d3ac43752b9c031c7743eeb56b6624f2da7790d986e029f9956ba3cffa940,washington_examiner,Lean Right,06075c273f7568f19f9e26f0b8482d6af72a416f9d2f131040f894b2d97b6783,2026-08-26 17:47:48+00:00,test_ood,frozen_holdout_outlet
4e5a3a8cf534e1801f6802524201601df71ca3694c74c30b2f1bc765b70a8639,breitbart,Right,822268770e867c67c76addfb16bb018cd352e37772eb41451452a88d309da44c,2026-08-26 20:12:45+00:00,train,older_non_holdout_record
4ecef99449519ab3083ca2a6acead08b61e84d02b65c8c97b83381803183a31f,fox_news,Right,9e2f424c046f614060ecf7412f6288f2c6d9121c499afe208fa02bad38f7e9f8,2026-08-26 23:33:56+00:00,validation,newest_within_outlet
4ee11b9a3b9649a7f686dbb5833c9ed772f8248c5d415e3088ee6047119cc684,the_atlantic,Left,255c6a187ce2e2d9c921dc6b11481df5ff9c8b30242d66dc2734e5538902474b,2026-08-19 19:22:00+00:00,train,older_non_holdout_record
4f00f839134e098de4c505668780742adf4091972ed766f28ac0e60a4bcafcbd,fox_news,Right,845973bc08c17d09ccd157e257d97e9670ba70eb3836819703a06e4c947669fa,2026-08-26 14:00:10+00:00,train,older_non_holdout_record
4f67672da009b07fe8905e38c334ccbe95c5491165f4e97639e517c503840bb4,mother_jones,Left,2487315552de2df3d910081b888b9964df98e68df9d8c8be274c248b267bf1df,2026-08-02 17:19:27+00:00,test_ood,frozen_holdout_outlet
4ffee80ece486a9f7559371da552e687b5c1edd10fdd3c88300a9d46cdc2d842,washington_examiner,Lean Right,a53277f5f00d5db3928b2f4baff6c4626853f2e78cbb773ae2ff2fa709e68149,2026-08-27 00:48:22+00:00,test_ood,frozen_holdout_outlet
5037ca9234be45c2b33fcb189dfaa9ff4e54dd5a2fd36edda7e08996cb04eb65,the_atlantic,Left,fe5cc3a703b6e2ddbb6f89325c4e8f46430a6291e9419ad41f844334b35070c4,2026-08-05 17:54:00+00:00,train,older_non_holdout_record
508a6d47b9dca17be543a1309af2234d32d2b5559d29e05ef78e50e657ca775b,the_atlantic,Left,71c06c1c121ab80fb028352b9c5fb27c352fc661cb60bb773ad95e071cd11428,2026-08-25 11:24:53+00:00,validation,newest_within_outlet
5157a26b9841219b6d2277b636748a1fee2d5ef7970d33100d278ae31047570d,mother_jones,Left,5b3424eaf1dd891434572af4a4d91d35826b5f1d0c15a6ca7242f5f4ce3a6367,2026-08-05 15:22:18+00:00,test_ood,frozen_holdout_outlet
519c37db9cece024c77b34629504dd8188b19cc45c7b341ae9184ef54a262a17,newsmax,Right,a76d137578a9a839fb50d4fb9d4b87f6bccfdbb0b42f631eded137ae0eb6d72a,2026-08-26 21:00:31+00:00,test_ood,frozen_holdout_outlet
5225c07ece931749419f4a6e029efeef6bf5cd4eeb07c9bd9a7243779133d8e0,the_atlantic,Left,bae267d88b6e53cef4f394ac1c50d669f7b29da5a4716e101d8a4c254ec94c8e,2026-07-07 15:30:00+00:00,train,older_non_holdout_record
526f98c779d5feb7547a9980515bd75b1ade93acf765b6bccd2d95089c0b4534,washington_examiner,Lean Right,b031086515bd9e7bbf71ab827e86e5cf8f22f22bb366aaf7bad1bb1ecc604965,2026-08-25 14:41:13+00:00,test_ood,frozen_holdout_outlet
5290e716b6433aa279221f82b1264e26f2f063779edb87f1afff33401dd2212e,mother_jones,Left,893fca913a0342c2012d82c1bf3dbcefc468d20e2d1600dcf6234db4586760a8,2026-08-08 11:30:00+00:00,test_ood,frozen_holdout_outlet
52afa6cac28964b23d9d46515ee14a16381284eb746fe8573e499440db7bada1,fox_news,Right,066707e2c4af3faa6d2d99263ffb125f977cc6a02d76f2b494f1b60113a272b3,2026-08-26 17:39:22+00:00,train,older_non_holdout_record
52b09315b7c4fc15c8f5d57f2ec286b24d3b862db617e5d824029a1f8b1ace7f,newsmax,Right,278d6f17b5adc2084e405a17ae41dfe60604f73c1152fec36e47653bde842419,2026-08-26 23:29:35+00:00,test_ood,frozen_holdout_outlet
5328d05f8891328ad3e04aff633824c61010cc1d96ff4988d236156e3d8fb2b6,the_hill,Center,66b630ecf9f2767edb77dad4d3dfe8eefc2169e67c69a2ed258b8aa8cf5a0d2d,2026-08-26 16:02:55+00:00,train,older_non_holdout_record
5370902d683e1d82d076e8cf92d74798e4f75bbddf4f9c422ded229cf95f01a4,mother_jones,Left,0d6187623bd400c260063f1fc2cc66ac8e55bf1fc7e33ec449b6c8a5280dcfac,2026-08-10 11:30:00+00:00,test_ood,frozen_holdout_outlet
53b524282d049682e9944be3cc0a5a761578bd2ed1f85cc32deda4b05b97f79f,mother_jones,Left,5c92aa9eb21bdcf6a2dc7155ab75229bb87d9b5e53d3bd780ddaf1206cf4adca,2026-08-15 11:30:00+00:00,test_ood,frozen_holdout_outlet
53b679c09fcf4a0a5236406614c3dfab15d942d32abf549a0bffa423d5d79050,the_hill,Center,f957e50c07b2eb721e37abc5bee1cc4ac67ca228a25891c8c525a3c61c995aff,2026-08-25 12:47:14+00:00,train,older_non_holdout_record
53bafdd2e154bcde1cd077c9dcd0cb1a5b2a51755abcfb3ce4c14bb862654dad,washington_examiner,Lean Right,575623ca4f2fda1d659a2e9ed5870b090c0d1af1b9ff296c41b3a18210a42e6d,2026-08-22 10:15:00+00:00,test_ood,frozen_holdout_outlet
53e05296d93100dbfd73e9b8e3c873c5a8e311dfe377759a80526c776e9f9595,washington_examiner,Lean Right,6a6b8eccb29671854121f0b1df66b7e55fa4b36723a27a60f0c022709caa5bcd,2026-08-24 10:00:00+00:00,test_ood,frozen_holdout_outlet
5421c6d9798056908da4bbe4a0332c91e5ab372667184d7b60d8c24aed02202e,washington_examiner,Lean Right,9aaecba14292aa72e415712b3d3adc32140e7b7c4f4baa552d60b436632e4554,2026-08-25 16:58:38+00:00,test_ood,frozen_holdout_outlet
546197c7900ed0a444f8172f61227b3904313f52cb08442a436a1ecfa920fbfc,reason,Lean Right,1476d5caa859cd0291aa4c8bd134778c879a3506f17ef4cabb787fdb2d95bc64,2026-08-17 17:07:09+00:00,train,older_non_holdout_record
54899ec1b9ae10232002a2c1fea3387bcd969a0632072f39ec6349d6c546b0ce,cnn,Lean Left,08b0284d38ba050bdb0f8c4f886cbc04f273443aa2cd2647f2abe9b8502af42a,2023-06-13 20:58:58+00:00,test_ood,frozen_holdout_outlet
54b0299e71671a5e5673517fdede6ccf21d71260ea08a8eebb5ca85e2339d55b,mother_jones,Left,6604a32e1dadbc7706cc2c56b975c4c80c9a73ef5ed1f94c62fb02dd24be7816,2026-07-29 13:37:02+00:00,test_ood,frozen_holdout_outlet
54d03d8e006392742494cc2f473ce2bd2340b749fcb442bdd20cce463f242616,cnn,Lean Left,375dd50bd933b55deb7560bbecbe68a6dde44a972852b4adddbc2fa8f3ad1cfd,2026-08-27 08:52:16.913564+00:00,test_ood,frozen_holdout_outlet
54d3eb07fe0ac702aa4317023f2c40cf24c19334cf74b4c00ba2c52e79774255,washington_examiner,Lean Right,96ce62b1f2fdf39971436121b28c4980bcdc78e563569b00b7a6e1cc865ce026,2026-08-26 21:46:57+00:00,test_ood,frozen_holdout_outlet
5534b0f5aecf22408aeed6ca53330039d5109a8a7c63c5101bb01467ade9ca11,washington_examiner,Lean Right,d5261bc13b9f9da2d96b6b1fc7f0bac348f405170d2ed51ef66dfd03194a4e39,2026-08-23 00:43:16+00:00,test_ood,frozen_holdout_outlet
5561eb4d0084c49afa57b87c37a157493e930e3866f082c452e759c00b9ac90e,cnn,Lean Left,38bc06e934869ab4bfffcba4167f008e2427f7c2ba2462dacc305f68d41a4d3f,2026-08-27 08:52:16.913564+00:00,test_ood,frozen_holdout_outlet
5562aa857a2e9b2caa30f143b664a37be13d6e051912f8ccf9b1ab589661ef45,washington_examiner,Lean Right,7b886d04b80dff47231767c30cb2183b3ee943d1972b48e594a44ac799bc8402,2026-08-24 14:34:04+00:00,test_ood,frozen_holdout_outlet
55ba0be4dbbb10ce95b7724e0c49954abdc7e1da68b7738302c2f0ec117e243f,reason,Lean Right,9cb095fb3c00717b6f1f39e1fe95feff257507535d419f53e6e21c1a08fd90f7,2026-08-20 18:22:54+00:00,train,older_non_holdout_record
55d01b4dcc53722d5136ef0db05b7d7e7b3762158c3c3f103bd240f04ae78e85,washington_examiner,Lean Right,ffd5d92959957d3857ed07b265d16c972d1d2a4cd8eeeadd543a7acd42800320,2026-08-26 21:23:41+00:00,test_ood,frozen_holdout_outlet
5602297742f01d6f680801ba0ef6359c67b54a6f28df76ea842823acbd2f31e7,reason,Lean Right,0c49bb787dc56d634d274d748075374efc5a9ba2b9825496b5fd2e71111a00ae,2026-08-12 18:03:53+00:00,train,older_non_holdout_record
561fdd0861440d11161595d3f1feb2e7f35567f65f569bcd46ce25500e6e6a3d,reason,Lean Right,8ee4fd7ba85db48c8718f1a353782eb66e3bcce42cb0e67a2b672020573cf35d,2026-08-15 11:00:43+00:00,train,older_non_holdout_record
5640b6c3098ec163a68eb3a39499b238c1ba41173a01afbbd9ad43b40fb42aea,the_hill,Center,b055bae0dc92524cc8efb527abdf671e65fc3098e5f4ce0474fc61a9fb8ac9ee,2026-08-26 13:20:12+00:00,train,older_non_holdout_record
565b3edf2285c24dc425d8589329987fc241f22360c73a6ee7fbf87744f562da,newsmax,Right,1e7c0a000fc1a6f1a6d6576c76484c9d66ad6508f6e62346861aa60ce9f5b2ea,2026-08-26 23:05:26+00:00,test_ood,frozen_holdout_outlet
56d0d76c821f4634ca5e5a915d64183cc5649992d31ef4de3f3fd6782786475e,vox,Left,2f529dcec832af010694add9a2d90941a481370e68909ef8537a3d79ec1f60cd,2026-08-24 21:06:01+00:00,train,older_non_holdout_record
56d64e97e561467feb7c89fb3d410b2d9ef55b3957bd1c1912f4ccc34cb8a0e3,cnn,Lean Left,02ccbd882bc5e443b43243e82f6a329c744add7c8ca10eb942bb0252899325d0,2022-12-08 03:36:24+00:00,test_ood,frozen_holdout_outlet
57537fd7471612de5991cb161498dfd20381af8370f5168016578a7eb3be2ef5,washington_examiner,Lean Right,ec54f28e2b15319b7a6b6446f2a890377fdf21cb093cc65843b13dcb895bd24a,2026-08-25 15:13:00+00:00,test_ood,frozen_holdout_outlet
578f98546dcb43446a0ec815b975d12e6074a491486c5114a18a2a660753eb8c,the_dispatch,Lean Right,6fbde25b2f397c9ce1a102976790df14551e4f756b5ffe0057dd11cda127af56,2026-08-27 05:02:00+00:00,validation,newest_within_outlet
57910d3c3f2d1ad55d9c41b6e1d6ae6b81fcacd2a4d6e6042b23fe8f142c8a7a,newsnation,Center,276a5227b7fbe620df59990a0a4850affa8d3aba17cd2e0cc62d340dc071a92f,2026-08-23 21:19:50+00:00,train,older_non_holdout_record
580f06ec31b59757f076ada27acd2ee1cd14d3d5b1af83e5ad960c92cef7e0c5,washington_examiner,Lean Right,f283583c5bee93f060832a8fa3ea0de7532be50ef8fa637f0f3a28587a9d72e5,2026-08-22 12:00:00+00:00,test_ood,frozen_holdout_outlet
5830a4eb3c19b0cb915466edfb0cd9d39f0399c9b8da8b7716687c713c6079a8,cs_monitor,Center,80182a5a0dd115dbba2f41045bc99af28113df8ba65a93aecf8359d54d9f4138,2026-08-26 20:00:27+00:00,test_ood,frozen_holdout_outlet
5836a83594b7dc09ca8b0217cb1465d8eeac1fd78c0f15c96b4c3e74d50647ce,the_atlantic,Left,cbe201ec930d15f7ab0ec8146d3968ec811bc912f3796ffd0dffb9f81e64d8ad,2026-08-01 11:00:00+00:00,train,older_non_holdout_record
583e471702839f0ae8097cd8de935420247588963f3ace7a5e7332cc4cdadbb7,the_atlantic,Left,70e07a357312da2ba1c5b76fa4f567e58fb78f45219e0b3c056d45ddada1b807,2026-08-16 10:00:00+00:00,train,older_non_holdout_record
589e289dc6415a0fcf9bef7e4223e9f996376ac581112d9d0d0e6c6f91d24ad9,reason,Lean Right,c734177637146433499fd81e54fde5cb619a2eebbbd4b2a35729bd524394f8bc,2026-08-13 11:00:40+00:00,train,older_non_holdout_record
58a313024c80d1a358822e9c232f89bda5b211ab44f4b8f5f51ef175c453fa9e,nbc_news,Lean Left,1a2697b449c2dd2c2f5847e82439f8380f3304838073b212e16ff0961c2fbe7d,2026-08-26 00:39:04+00:00,train,older_non_holdout_record
595621412739c4d53043f8bd92388c406e044dd9d766a530a8bcf2a594a06f64,reason,Lean Right,18ae6bf05dea89de2fa105f31205a0f79adff8eb326fa6000a82b4f47b88640f,2026-08-25 14:32:41+00:00,validation,newest_within_outlet
595c2ae0ba16fbd6214857e6c0938aabb1672eb2645994e87d7d693ec191e731,washington_examiner,Lean Right,493d97d40af096bc3c976ec725c86962860b37878178675522f91461da4834cf,2026-08-24 10:00:00+00:00,test_ood,frozen_holdout_outlet
59778f8de16d313aa8977c3b1797754e67be85952e0a97a693e2267ca5716bb0,breitbart,Right,9d4030d7c9e1d40b82727b032d6a5dbc376de448b759a9aaff0da0536c562844,2026-08-26 23:11:38+00:00,train,older_non_holdout_record
59e2fdb9a491c5dc79031439a0a4e1ea230cc4f49a4d3866748d715dda6bd2f5,mother_jones,Left,a69d54e519c0530345811d09432f5904d23f73b89c5bd5237ac7ab3492e1553f,2026-07-25 20:46:29+00:00,test_ood,frozen_holdout_outlet
5a24ec0ba8b553d0fd0cbb515e68e6c0f98614d649907448d62bf09cdaf2649c,the_hill,Center,091f5827fe2f82b901a995e255590157c659c01279fcf1d3da2f173e4ee4fc54,2026-08-26 17:25:20+00:00,train,older_non_holdout_record
5aa79883641bb15fd486d9999227fc899fc26e07a8a527683434bac3c217cdc4,mother_jones,Left,abf51d7e643acaf14cdd5673080742b28cafaf7ff6149b94102face0a1368bab,2026-08-08 07:01:00+00:00,test_ood,frozen_holdout_outlet
5aaee40a0e10417699ceb8844219b71dcabdf5f8493a43aa5dd4e6c801795ec9,washington_examiner,Lean Right,0236c167773a313c1fe325ad23ec8602ff62cdc4815d2fef352c5eefb742a80c,2026-08-24 12:02:47+00:00,test_ood,frozen_holdout_outlet
5ab6a464daa45ffb038dcd4dec226ea27ba545ca0a08219b562363adf1fa1e8a,reason,Lean Right,fd962e7775aa4336357cfc9b41eb2d7b4ca9759cbd9e16a690699f9586730a0d,2026-08-15 12:00:39+00:00,train,older_non_holdout_record
5b1d1549d54c54350d2b05d979ec35efb3c858584a75eadbce1a4b6c81534894,washington_examiner,Lean Right,8edcaa0db583d3ce4df05955c1ae5de638e0b40da3d27df047b4219a84701f31,2026-08-24 20:27:16+00:00,test_ood,frozen_holdout_outlet
5b34ffa5f5ec184f9e31a93a8328839453f70b591495e819417790f68d15559d,mother_jones,Left,5549de226f66b51c415c762e54eec54be878587b7810a2fcad96bd0333309c3d,2026-08-04 18:12:13+00:00,test_ood,frozen_holdout_outlet
5b7ae8f0c06ac96cf1d0dcc2d57b328adc5744e0ee6e44c118558dfc16d943d1,vox,Left,c9ea6d04a0a224bf16fe58b02d68881808041fb2aca1d9d2da44dfa60a054c5d,2026-07-31 21:54:47+00:00,train,older_non_holdout_record
5b808366c9779a813f32d4e518e137b51f892f379130f6eb6154d24ca8c5be9e,nbc_news,Lean Left,a88ff91a6c57f97b5245ad5bae82db0a11506193b108409d32a6c738ca798c81,2026-08-26 20:24:57+00:00,validation,newest_within_outlet
5b8142cab62cdc47763a6bb301d7245eacd7d2afe9e68284c96bd4ef3294c9ac,newsmax,Right,65b956974d630f9bc0a53759a0216c261d58bc8a686f03eff5c2b3961e2a151d,2026-08-26 22:23:25+00:00,test_ood,frozen_holdout_outlet
5b8ef9a04e2fe7d6616c6d05f3cd43b1be1b79cdf98a7e88cd1389b39440bda4,mother_jones,Left,3ed270fd4c55e0eaafb920ddaf92ee880213ed2d618802aa0fce14119976a2da,2026-08-26 14:24:56+00:00,test_ood,frozen_holdout_outlet
5c1c4ff1b0c3151fb3b63b23a505fb6dc122f2dde75227d5997ed892695a3570,newsnation,Center,383721462f3224f796a0f6ada6d4e98a37c859d2a991b291cbd290ee7a501914,2026-08-25 09:58:41+00:00,train,older_non_holdout_record
5c52d4abb258d930388f56f257af949e4c3f4517e857e3e5949d16124de0e445,washington_examiner,Lean Right,857b4fa8e7222de2e4caaddcd17f6d56d52f6137e75fd81397cc4dc79f174ee9,2026-08-25 12:26:45+00:00,test_ood,frozen_holdout_outlet
5c5895206622468f79d7d9b814473de3c01e22907fab0953483d1a4146f64b72,washington_examiner,Lean Right,0a4f6e3ee4a184ae669aa5bab8f7b8e60e2e94998aa08330002c94a48025ba91,2026-08-26 06:21:59+00:00,test_ood,frozen_holdout_outlet
5cdf0cc58f99f4ec3184d5bd3627b15da8fe445bca10543c78f649284f3c6194,the_dispatch,Lean Right,d65ea5fe2838b814905290ea2f521c33dd0bbec03ff3537f0414362d6bc6b8a7,2026-08-07 10:46:06+00:00,train,older_non_holdout_record
5ce29492be59d427f7bf584e3232fa44931230a512db2ab1f67609000e2a095e,mediaite,Lean Left,1e6a9c4cd14138b03faed99a0d91f34f8fa072e4c381a1df4eb003b5a3134d97,2026-08-21 19:26:59+00:00,train,older_non_holdout_record
5cf21c143275a5bcf4511777db8baac94a8f1bc4b76610158fe33d77f9d232da,washington_examiner,Lean Right,d7be6a12eef5f425e8d8a008be90d8a3a3efa65be0bd09758a68d28478be4074,2026-08-24 11:00:00+00:00,test_ood,frozen_holdout_outlet
5d053e9098714dc7c23f473412d60a83dfab48f86f2241d3f2eee407d16e4d06,reason,Lean Right,96a9a8696f55df8bef5ff8ce84a094aafe77e072e3ea2b561640481a6d7747a4,2026-08-19 15:34:19+00:00,train,older_non_holdout_record
5d2237ec085f6b3d021913c31473d0e39ab24cb10db0a3dfc4354c51a5fd4e84,mother_jones,Left,e49d7262a9fc79de610a55a2f5a673a72b2cba679e839c32bae46bc1461502ff,2026-07-25 07:01:00+00:00,test_ood,frozen_holdout_outlet
5d32da33cdfff3203cc58d414d53bdfd6a3f70ce9be5f67df1c7d25c4dc9701b,washington_examiner,Lean Right,9f6f8afe6487547ad01908f872c435462ef627a4a28ab0e80b03479558c47a90,2026-08-26 19:51:24+00:00,test_ood,frozen_holdout_outlet
5d5b7c81a23eac7604107b0a6f1d70821461705160a19d5c6a403c7327c67edf,washington_examiner,Lean Right,45c82db4abdaa29ffda8b67da14544054a787bf3c0799afe33ddfb3b422ca59f,2026-08-25 16:11:39+00:00,test_ood,frozen_holdout_outlet
5d95916c7962c223bf7de010c6947bf2eee65390ad33c5cac7ff712f58c683b1,daily_wire,Right,3c73c68d70bd1b3f669d6f61103d3deaaa446f32161b5bebb2a880aa66f763bd,2026-08-26 06:10:29+00:00,train,older_non_holdout_record
5db5361ab81c831df99a16d0972e8307b32982177f5cb2ede114556d9e4ec3ea,cs_monitor,Center,0efd37c7d40145106cc59ef32b1c2357087ca9324f7d22c7aaf069fa07e02ea1,2026-08-26 21:30:04+00:00,test_ood,frozen_holdout_outlet
5e849eed57976358141ead331939e9aafc8f7006cb15f0afbd415379a03d816d,the_hill,Center,0ef70e5640372b159721ed35a7cf0839c9eea91129330de2d77c46db7b1152d5,2026-08-26 22:24:13+00:00,validation,newest_within_outlet
5e8fb3cd902bc59b7a6178539abecb200464b5777bd70353df00d767d41d2f87,the_hill,Center,b61e2f4f12e84caad0932a0c7953cdfbed728c3216dffa598349e9183bbac32c,2026-08-26 22:00:41+00:00,validation,newest_within_outlet
5ea097d83719298e83e0e25660d8233472f90b873aea76211e06ec94b8e1dbab,abc_news,Lean Left,db8d61b638880f74b0cf52dd56d6db33cdca5bfd0790017647993d6050be4e6f,2026-08-21 22:18:26+00:00,train,older_non_holdout_record
5f0632995839266ac2795330824933dd5c406ec2721298f79a327ddd5e53f153,the_hill,Center,63b4e792e6234873c59e527663acced7a8a71bc92f63fe9dbc5fec0421593590,2026-08-26 22:22:35+00:00,validation,newest_within_outlet
5f8b7d706dc585a67eb9ac4dfb264a85be0c99ac28f3aa8baab5ab230fbc7889,cnn,Lean Left,9147558ac3e66ec6517b4950336348200fff7507f7b4d78adbffa5413d446845,2023-04-19 15:31:24+00:00,test_ood,frozen_holdout_outlet
5f8d351c889d6cc8f94d73f0bcb48105d18b784f8681fc5fb32f480a82833c19,reason,Lean Right,d4b7f4df7c38c9c7796c79bcf7a86aa507104ab9c15aac457f035be5ff12e109,2026-08-25 11:00:33+00:00,validation,newest_within_outlet
5fedfe4735552dad12a0dbc0d99a452257de54126b7baf4a152232a72fe140dd,washington_examiner,Lean Right,c1bd67693518b2eb1e7666978290c2058f585c3ba02fb5692fb0aa7d64352d06,2026-08-24 12:00:00+00:00,test_ood,frozen_holdout_outlet
60bb3460e0acfeab647eef6ec417a0ecfabc680cbb11543eea01e736c672df29,abc_news,Lean Left,32af501d9bc02e5220062cc0837378ea5992e9b0417f7366e977941233b9f53a,2026-08-27 07:45:18+00:00,validation,newest_within_outlet
614552c1df6cfcea455efe9c384643ab06ffb3811baa34ff529e9fe4def6866c,the_hill,Center,3069f128694b968b9dc61da00c5e0db49254ce1d570c3446ca2767dd11dbe195,2026-08-26 12:30:00+00:00,train,older_non_holdout_record
621da448f3b55d65504de91376810eb27d432998b238d8bdeb1f0c4c866eb091,washington_examiner,Lean Right,c8a753a3b517685d9b1b6bf7d5a12a3198d0d169600de634ed7354fc0b7da786,2026-08-25 10:00:00+00:00,test_ood,frozen_holdout_outlet
6304719394ebc8bb572f5493e74363f78913a75d291c59a633ed1859e13ccf4f,mediaite,Lean Left,942c4f37ca5b6f37235520b849320626c94ddf53def704080c5d8ce4fed8be8e,2026-08-21 17:43:03+00:00,train,older_non_holdout_record
6306d1942e02be593c3566ca7dace191094532bc1ab7623dc146d8f3547b240a,mother_jones,Left,ed6b0d2bc0ac10854a61d563b6deeecba9b3ca7e9dbe0afb70795adf6b27faa8,2026-07-31 11:00:00+00:00,test_ood,frozen_holdout_outlet
64517b07b359c0ef824f6160e5e1e29078f08308f46fb9591a5b1037c59a7739,washington_examiner,Lean Right,47a95f04b69766dcc436f189dc89a7c60ad86c1be32a495f4da52ad50946ed31,2026-08-23 03:59:58+00:00,test_ood,frozen_holdout_outlet
64afe4bd5e4f2a49197649a70136c14884942f2ff792d9ca4e5d103c7f30ee0c,washington_examiner,Lean Right,fe77a87b6f14d7e0ac858465b101b95157f93b9d39b87388775608be585a54dd,2026-08-22 10:30:00+00:00,test_ood,frozen_holdout_outlet
65212ef9ae1ec3a599b65d80eaf9d0e6ec278d5ecc12232207b05a89002abe9b,the_hill,Center,72f54c4889b851808c072de20c8a2a697f0b13bc39df18d24e82794372147ee1,2026-08-26 16:16:53+00:00,train,older_non_holdout_record
658a0cdf41449ed779d3b7efb42560fea58baad755ebf8d4d93fafadf80389ec,mother_jones,Left,d6c339c46931527ac5005d2fc913313ce2ee7be51e9d9fbc033564b6f92ecb6c,2026-08-21 19:19:26+00:00,test_ood,frozen_holdout_outlet
65ddea4b5ba5d24a7705991eb6fc0bd9e803ab142025ad583ba3b3774e5c930a,abc_news,Lean Left,dc26903c540bd2fe7c11842444e80690eb81061c0ecb8c44a804dc0c6fccf4a6,2026-08-23 00:49:02+00:00,train,older_non_holdout_record
65e26fda4b89b71a803c37fd5a8740362123ca5b4a9c1592226a0e8308298747,the_hill,Center,f09d23e28878a9f8f664b81a8bf448a8ad3221d7d02886a90b517eccb7823a1c,2026-08-27 01:03:01+00:00,validation,newest_within_outlet
660d3736cdc586189216390f7d235922cb0de8ce6538ce0ea57d90faf251c948,washington_examiner,Lean Right,4e6cfb4523edbeb4dda721437f7d05f6db2507fd85303e6fb6f67f6ea6b14d62,2026-08-25 10:00:00+00:00,test_ood,frozen_holdout_outlet
66568ff189c5f91c3e85060e7e160409cf84c180bce70b8bc5140e809573f094,daily_wire,Right,5b4cc169e907bee7da18d41b556630f4daaf3695df6d8501b75c902ba6ea8982,2026-08-26 05:55:15+00:00,train,older_non_holdout_record
67478018e099528b73efc5ab42cb741c62a679343dc0299a0cca51c60b51b851,washington_examiner,Lean Right,1ceac92ce243b36c762856cdd73f9b41223153f5032b9832ad41fa37252a5e8a,2026-08-25 10:00:00+00:00,test_ood,frozen_holdout_outlet
675868a2710b42df3355f692933e31d889dd0ce60d1add90a2b6005ea61cc726,vox,Left,622bb78a7a9d8e628ae3284e716e93da929bc1354d0e429f499baf7db36618ec,2026-08-25 00:31:57+00:00,validation,newest_within_outlet
67879f974a83d8affba29c74a7ba9cfd00b3125145119ebb8d1579d71dd34d2a,vox,Left,f7d5680e9283bf2647292dac12abb6c17710e9b55e9aaf75fd2ca79a16825c4c,2026-08-22 13:59:55+00:00,train,older_non_holdout_record
67ba5df8b4364825bf9e8280d07ec5bffa1e2677d8885f5ad6932092d390055a,mother_jones,Left,9ef46e114e204b17a98147dd8fb840adc907447e2662b8d438dbd02dd4a931d5,2026-08-03 11:30:00+00:00,test_ood,frozen_holdout_outlet
68211e4c761cfbedf4042ea634a82254980fb1c905af549c13fc1e286064b1a4,washington_examiner,Lean Right,d142494b0850e4ca081ca5e6a4e78e4a130e93902ad2ffaf82e6c477b16d7e54,2026-08-25 19:56:15+00:00,test_ood,frozen_holdout_outlet
684aca490568a65a870ef6f44ef44b22ff17a9b4f02834faae4a523711e73678,mother_jones,Left,b9265f684dbde7c9c37281b216276ce16ddf6cdf337713d02cc09b274bb0ad14,2026-08-01 17:42:30+00:00,test_ood,frozen_holdout_outlet
685bb35d63547afa83b7cf63ed604062a004e1afdcdee4fb633d1d1524a048bb,newsmax,Right,db7ea21493b21538acec90137de7936156561d55ea9a81b57ee1dcb1bb998612,2026-08-26 22:36:20+00:00,test_ood,frozen_holdout_outlet
68c83e19fc2733f5d1766118f769347f51a9016e900c04999040c1d42909c01d,mediaite,Lean Left,00ac81ca3028c7b3eb79bc15d7f659a353f9633f9484004feb998e5c75e1fe4b,2026-08-23 00:12:55+00:00,train,older_non_holdout_record
68c88fdf4c01bfe741436702471b8a4f105d4dabe0b08c780dcb3ad1220cc2ed,mother_jones,Left,790a60078158fef6077f6306ec326907bd3bc0642bca973f35f067d058b1e9c3,2026-08-26 14:30:00+00:00,test_ood,frozen_holdout_outlet
68e8215697123a5ff401435e7b4a008d2f9ff4943fa084f263bf9c6c3f560140,reason,Lean Right,e72084434468ad3744b286e2f1f2f57ddb6606082b6351a6100ebd915dc00e7e,2026-08-26 22:02:56+00:00,validation,newest_within_outlet
69101ff009ad54702d9a00d9c759b424c3516f37ba9cafb7dc0a33be54320403,washington_examiner,Lean Right,b279d9ee7b5523d4393d6facfdde597b3748a54e86607c67718175a639d5fa30,2026-08-25 22:44:04+00:00,test_ood,frozen_holdout_outlet
6924ee2116ed29316d8f79861d4c8ec8289f33a65cddae5a2b3a1a2da421a213,washington_examiner,Lean Right,2393e610322f73515478276df39cc0572d1be6b87bf0403c92ede6ee2801792c,2026-08-26 20:17:03+00:00,test_ood,frozen_holdout_outlet
693fb07324c85d77501afec33a709a792fec8d12ab671a9fdfb1663d07690d00,reason,Lean Right,c1e6bf7251bdb60b025c626a8d55a2224258b09553a31d80efa4af246c71db32,2026-08-21 11:00:26+00:00,train,older_non_holdout_record
698f1cf32c33176e1b5a32224c0790424203a4c16ecac4ec4e33af1a2ff4d45d,abc_news,Lean Left,c8992711792df77f9cf12f2cd894c5085a30286df2739f39921cd4e532fce6ce,2026-08-25 23:30:11+00:00,train,older_non_holdout_record
69af7a45b3aa0f87cd104e3e4853f9a413f9fabe54d25f68a04ee66aaee6b277,breitbart,Right,45ca9632876f3f644a89596db4b39bdad6fbdb7b3d0e705c8f68440ab51adde3,2026-08-26 20:33:46+00:00,train,older_non_holdout_record
6a3c3aa4443127aa06400ba9624bea20464bf5ad0eec228e7522634a86b5e3b2,daily_wire,Right,85bef7971f9e1a78661256dc2e81ac4e57aed8580150ff8dda891fa72a771ea6,2026-08-26 16:00:21+00:00,validation,newest_within_outlet
6a6aae587425f1f25b1675c7b73728ed474675481bfe6e154a90329ce52a0346,the_hill,Center,e9ed6f161adeb4cb6ccfa0b1c6034aa14d134bdbcdbd52d14b34338a484289b7,2026-08-26 02:53:03+00:00,train,older_non_holdout_record
6aa09df8961d41020f6ec6ac57ab618fcc981a1d7740f5dcff149a6d8b87505d,reason,Lean Right,af5c1c6c070001d10cc833a445683a09b1acdea89b1f9e47b6e0630e4531868e,2026-08-14 17:40:24+00:00,train,older_non_holdout_record
6aa29d939903319707edc31d9c346d0546a8bfe9d5b67b66d14af60df7e9758d,washington_examiner,Lean Right,bf7dea141590bba31782904a7ab294055655dd6290b0e5a51f27a3eed5bae06e,2026-08-25 01:36:10+00:00,test_ood,frozen_holdout_outlet
6b2b6e0f6c68b2b355ac22b1d9b9a5dfb2e478ab2ff62d3e943df5b6d099b858,mediaite,Lean Left,e26ea40621bd495a2833d895b7fa03514d2936f4972f973edd2887a9477966bf,2026-08-26 16:47:12+00:00,train,older_non_holdout_record
6bbd36f5c837fb8480128f299cf463113212442db03cd3dab498a29f9cee0108,reason,Lean Right,a7b7308c996d33ddf08e2990f501a2457b63f3278046afce008a5ca57d6b1ae9,2026-08-13 14:29:44+00:00,train,older_non_holdout_record
6bc8970baa6059f495f49ea74005f1357cc2fcc3313114a776b236b90ee30076,newsnation,Center,de2f4cddd6fda4242998ecde557f48495263f4ab063b97aa2d59ead4672b3425,2026-08-26 03:24:19+00:00,train,older_non_holdout_record
6c077be77fd2473df9b644318c2b0be10f4c28026515b79833abb4c1c8963974,breitbart,Right,0abf80ecd1028eda35f9c8aaf76d063b47498cfcf744afa59e36703225a291b7,2026-08-26 22:46:16+00:00,train,older_non_holdout_record
6c0d48dfd98927fb7bef2b092f758408ce28a23ca69ab8d87c793cebb6722118,newsmax,Right,da187c70e25e542b47b742ef57cee554e0ab58fd2d152be7935098d6ab8ad5cc,2026-08-26 23:51:53+00:00,test_ood,frozen_holdout_outlet
6c43918b466dd153d9a7741601840557764298a00872003eec9144551d57d54f,mediaite,Lean Left,ee95079428176002ca5a3534838a18dadaaede33c5ecee2586240f6f418b324e,2026-08-26 16:27:27+00:00,train,older_non_holdout_record
6c4548d2f8ebd32c2be93127c5e71dc77da4502e9507a1cfe3519f237e61c8e3,mother_jones,Left,46b872a31b6523665e0b52cba02246462bc04d983e47376fc5ac89e7de115256,2026-08-13 18:26:21+00:00,test_ood,frozen_holdout_outlet
6d643bda3d411349545d45137505712053385078a2392c0ffa3e856d252db0fa,daily_wire,Right,e27b735ac4227a24910a04776bde26626138602e6064d562bedc6e4c2d83e289,2026-08-26 15:06:34+00:00,train,older_non_holdout_record
6d961eb8723ddbe96b2fa3bbc9faf440f60a99057c046d893075da873b423c79,cs_monitor,Center,830a4176e5a2158c648552392dcbe9d6a3489113cd898fa71c2b93d4b3ef1a5e,2026-08-27 09:00:10+00:00,test_ood,frozen_holdout_outlet
6d9816ae2d9f6f8281be3845326995df6370be66ee5c5b03db1d38f5c5bae5d3,washington_examiner,Lean Right,c79276a2b7c8a1c4b39ace73cdc70350425f53ab18031eef132a09066224dd91,2026-08-26 11:00:00+00:00,test_ood,frozen_holdout_outlet
6daebf63580a0ccc443d8c8a4524007f627124a2595668a059dd85c5f900d13b,abc_news,Lean Left,43b8141782781df7e4dfcb03ad4bc0034e127254bfca8ce2e5fa2689cc0bc5cd,2026-08-26 08:34:21+00:00,train,older_non_holdout_record
6dc464fe38a288ad2677de4e0e62e3fd14b94a78534a3ece3b8ead817977182a,mother_jones,Left,5a69160399d5ea8fb0ebb9c496160f9faa21db9ab2d9c49ed3b389e107d46356,2026-08-04 15:26:53+00:00,test_ood,frozen_holdout_outlet
6dc979340a4c7be6d5605b2f95bee6b43218ae3a62c5c8c29f33630551bb119d,mother_jones,Left,24512cd879a39bbecf1c22badcff65185be71a5cc196ae9417a157cc5a6a5cac,2026-07-31 14:53:54+00:00,test_ood,frozen_holdout_outlet
6de0e6f4f7a764dafe958bc58ed9f9bd681405bc57079cce33f821f21ced92ca,nbc_news,Lean Left,c28a92a714aecf482894be2d1ea7670e285d5b0811e432c634dceb560f4d0830,2026-08-19 20:58:23+00:00,train,older_non_holdout_record
6e1eb574853a518d220bb105aeb0452e2e7771871eb4a3f23ce56cd7f16dc78b,newsmax,Right,06d3e5b9e74256cd2b2409fa974a15397f58106e58a89a1afc0f2137d3941288,2026-08-26 20:44:13+00:00,test_ood,frozen_holdout_outlet
6e35d471add6e4dc9fedfb13aa3d26aae48e684cb1ae997008c2495ff71a769a,washington_examiner,Lean Right,ff6827682581283ae554bd6cd13e95d9411dbc70cf8904e8f55752f99670bec7,2026-08-24 17:14:41+00:00,test_ood,frozen_holdout_outlet
6e72f7e273c6ada04c9dfb61199cab23c853ba5f51add5fbd3f298baa79328e5,washington_examiner,Lean Right,4aa1b3aa6ec864827ee4826dce2638045713248f76ac4bc54dafb5ecfb2e8e82,2026-08-26 18:58:59+00:00,test_ood,frozen_holdout_outlet
6f1d68b8e44ab6d59f78d7983702a9f36df7d616467d4060eda3b578cb844750,mother_jones,Left,8d62f57b1a3c487ecf2e385896b612501735bb1826618b670e7333cd4c89d3df,2026-08-11 11:11:14+00:00,test_ood,frozen_holdout_outlet
6f61c50c34fc72a89627efc738210a2386b5d3bde95c885bc67481f2fd4b3fb9,reason,Lean Right,34d8bbb8024485e75ce46f7f31fa60f6ffe0cb72b904ecddb373dde0c81b3b70,2026-08-13 18:40:39+00:00,train,older_non_holdout_record
6f8cd8fac2cd2ac5405bf6a11ee0b88c094a682e55d0f984c7227faa6e3e3060,the_hill,Center,8c7eac7edbd7477009776612f6b20b560daaa76e88957e00a90dd085c6875178,2026-08-26 16:32:12+00:00,train,older_non_holdout_record
6f95f31eed554367a09e8e96577d00411bc7c85cf81af33a31c7d00914020ede,mother_jones,Left,35237164189afee7ca0174ce97e745cfcab9dc82d2cbdd32398ef2adfe10a75a,2026-08-26 20:57:42+00:00,test_ood,frozen_holdout_outlet
6fa856ae41c4f2359d33fa5d20fc54b6a1f5363be81526b646a09c0e4cbf6d3f,cs_monitor,Center,3b6d5bb902dc85fbc67693f776005c342317bf8f5d8e67039da2b338d4be5281,2026-08-19 21:00:10+00:00,test_ood,frozen_holdout_outlet
6fe44ef346f15c13d5eb6de5327669f314c29a203a727779a9477f92d1c7e7ea,washington_examiner,Lean Right,36d4903f92e62c9386df88f2ea7814948bf1eaca7547ad52f3a8d4a100ac61c0,2026-08-25 15:34:49+00:00,test_ood,frozen_holdout_outlet
7009246e503fa014a4394a7e05381bb22619aca7ea721bd6f61358c3971461c5,the_atlantic,Left,2629c788ca8b10fae7f84c65513a38c926fe0f6e7a76cb06f304c921440de109,2026-07-08 11:00:00+00:00,train,older_non_holdout_record
702d52a6db7a0143a8f6ce86554fa8948f1c33bf1f2703c45f8fb3bf67b26c0d,washington_examiner,Lean Right,a63648bc326e5573d81e95cc6b0c9278136983e18f68bab86b7661b2c91f37d6,2026-08-26 16:29:17+00:00,test_ood,frozen_holdout_outlet
707ac9e423145b622d9716d35949c1cf24e53b59b5b8941a74328eeba1293db6,cnn,Lean Left,4be5b261695687c069ca9af12beba6802186b07550cd3a4bd3e4a303586882ad,2023-04-18 15:17:18+00:00,test_ood,frozen_holdout_outlet
70c9422d03d1fa0bf7ba00107addd460a63a09e6d0699c8d015c709c109d3bf4,newsmax,Right,91612670fd527769e5debb75744d94bcf40a7e5f0e7565cb527a2ffcb1242e75,2026-08-26 21:28:00+00:00,test_ood,frozen_holdout_outlet
70d892577495e629b429f2e089ebe55db7680ebee42dd2d593ad8562a2b19ac4,washington_examiner,Lean Right,5905cc0de98ea45e8dabb72e1ea51bf35d2edea7198c643d914fdbb6e50729bd,2026-08-24 18:00:00+00:00,test_ood,frozen_holdout_outlet
70e5f3ffa6415b855222e4011e1cdc8f8c04a6f4b0123c7308e0e0e0874b2696,reason,Lean Right,66af5282cf7ba17d4cede81376327c4e3493ac121786af8010edb7daa9efc454,2026-08-19 11:00:49+00:00,train,older_non_holdout_record
713a2bbe7872ece790bc7b74cddf2764f9df456d673691977d982cd6032d69f0,washington_examiner,Lean Right,313b33cf7f5a6fcc7e0be8e2f9a1b7e9d39c6f6011badf7f2207c038972da9c9,2026-08-27 02:32:42+00:00,test_ood,frozen_holdout_outlet
71c0a6b5dccec1d74d067e80eb6a756295d99661d346774ff1a28bef2fe99f16,fox_news,Right,a9e73d0404cacfb7bb361e68c7bdead0df2d4d51cb5e2864d4e9e5f2368110f8,2026-08-25 13:00:09+00:00,train,older_non_holdout_record
720002eba8e0b45b8b3ecf4c48c59bacff2bc3a1d117c96a375f0cd50b26c380,washington_examiner,Lean Right,59ec91e555f7645b014162ff21bf229dedb1f10d3aefa81a372ea377931692f8,2026-08-25 20:17:29+00:00,test_ood,frozen_holdout_outlet
72148ab194b8ed17f352ec943ce8e16158b5c00e61d2cb32526cc92607202fea,reason,Lean Right,358b38ac05f8d7b988073606cfcbaf78fe8be9c7af46993f59787e5795f77c66,2026-08-17 13:02:03+00:00,train,older_non_holdout_record
7228653b265cf60a2a19df4e1291305fee37780361dff9777e6cf062b82dbb41,washington_examiner,Lean Right,c58d20f94c478c8b6a937365dc03225490e78e6339c53a894865b0bf20a71da7,2026-08-26 10:00:00+00:00,test_ood,frozen_holdout_outlet
726c77b55c269a32e679f966963429330f5d12cd2d1baaa3cbd7319115b28784,nbc_news,Lean Left,cf0207a9b834c9b14be35f42f35a1a62d8fe719f52b40b3ce5b703ad7eeeda66,2026-08-26 21:00:39+00:00,validation,newest_within_outlet
73e1f0df725222b9d847d7929c71a02d3026c87e88bde5a33ce58ae7fa01c29c,washington_examiner,Lean Right,b77493e6684574d115797bdaa9aeecab0b1bd47740548288b0c5e5503f778c82,2026-08-25 11:00:00+00:00,test_ood,frozen_holdout_outlet
73e9a996325fa880e7475eef2586ddb05efd956736ca07a8341036f7176d25d9,abc_news,Lean Left,e49d3ae9e31fa7a521183f145ed21e37ed84a6150518fb81a18ed27c4bd2fe65,2026-08-25 08:54:11+00:00,train,older_non_holdout_record
7431873effbee74ad56d88f241de0442936e04749ca0d5a11cef109e6bc1aa36,newsnation,Center,fcd1cb4c2718545235bfd607b2cfe4554571229c8b72cca5b9d9b9a24e40f15e,2026-08-25 21:49:11+00:00,train,older_non_holdout_record
7475b22aa35914b0403316548cd0e5d56a874ecd117df7684f916213ad11a56f,the_hill,Center,514ad52204a77b1f0135ae531bd4e2f178037e4de939b652ef20aaab15451bdf,2026-08-26 16:30:01+00:00,train,older_non_holdout_record
747ceb8cf1d0df93e278e8f64affa772b27ae817a23a329eb649b37615e949d5,reason,Lean Right,5059d543862add1582ab56e0fd11326d18c6252aaedc9f49135dce5873fbfd33,2026-08-20 11:00:46+00:00,train,older_non_holdout_record
74a67e0f3dddcdfa512a0a9476bbdde7df5be91a6aba36fc6977b03410be74c0,mother_jones,Left,f104b079abea8d0ba580ff2b9f02adf1447f0bfc24e2761f61dccd7a51fdab4b,2026-08-22 14:43:54+00:00,test_ood,frozen_holdout_outlet
74a77cdaee1def44c8bce39af5ba2239c5962a656e5ca6db8930913e63f45efa,washington_examiner,Lean Right,59e967fdb019cb3c28ee52f2b0929c2a2192ef0f698867f31dafcab8d0cfba1c,2026-08-24 19:11:55+00:00,test_ood,frozen_holdout_outlet
75021538122587040f93c048bb164ac0541f1241874e63e6273c126845f9d1e3,mediaite,Lean Left,96fe7f63b4103f07ce82f6e6cacb204e3160ab86fab240498c53e8d16cbe9473,2026-08-22 02:51:43+00:00,train,older_non_holdout_record
75631343db0b50cc6e99311a90a2a9f1f1dc7db76cb24ccaf3ef881d0e659682,washington_examiner,Lean Right,5e7b2b4735b3d5f245b40f3c6344afd608d5a97ec08a67564d436e9e7a355aa4,2026-08-23 15:12:58+00:00,test_ood,frozen_holdout_outlet
757293207a5dbb10b61ed78192763c422200830f2c377deaab92c52ed6b8f23b,newsnation,Center,5c3fef774045244436b08830d4e329a84c8280f02e74580c8c11d3cce1619574,2026-08-26 10:59:46+00:00,train,older_non_holdout_record
75b297706f2f06810f641095c89041ae27972b77dfc57199b3b85748d908f74a,washington_examiner,Lean Right,f5edec284775d07ce834292a73290d31acfc8ccd1f0cf92e758bb27c1669e066,2026-08-24 13:00:00+00:00,test_ood,frozen_holdout_outlet
75c77b376d292694e836e67a1b32dcae9f1215fcd859003dbc8f25c7e4c4c08d,mother_jones,Left,c3bea73b1d57f444fd7ba02af38d301fed7c9bcf3f6ef8a4d256bf487a21e102,2026-08-25 18:42:46+00:00,test_ood,frozen_holdout_outlet
75c8bff3cd05b634d37f2479a9ec3f2da9f085ae76355e74fdac9108cb7d4e09,washington_examiner,Lean Right,c112571cca19e71d0aa2a207691fab19563a51fa38fa3c59439f070d987b0ac3,2026-08-25 19:24:55+00:00,test_ood,frozen_holdout_outlet
75d93994eda12254fdfb77d2e10b732e5ea3f1b33a07cbcd9e005e963af30da5,reason,Lean Right,5e271012b56a14cd950eb8c7ddbea7d6f56be7cb97fd221671a3ea5a79037aa0,2026-08-12 15:01:36+00:00,train,older_non_holdout_record
7611dbacc53ad03b3ccd4f96fb6d3d06fd1f186a55c2850544bfeef279cded7c,the_atlantic,Left,62f6c3d7f50fee6fd92cf686c320e01932199874fc0b34e6eb0bc4bacb9858d0,2026-08-21 00:05:00+00:00,train,older_non_holdout_record
7645574f52c29db14be4779879c611778feabe41535918b39e3de4383a06aaf1,mother_jones,Left,df37ce0271037b24ec14cfda0a8ec2ed17b9887ea58e20f88956b13ddbc166be,2026-08-01 07:01:00+00:00,test_ood,frozen_holdout_outlet
768f37026ceaf6d42852f0ebadfb057b1a2e17f5796bcf89ac4dfb0e88ea136a,newsnation,Center,8edae3dbaa3c9a18db8dc6a3178a5c851dbf780d8d9ca83b510e6cabfea7c825,2026-08-26 02:07:33+00:00,train,older_non_holdout_record
76e51882eb90df999f0eb549acc70447c12fcb186b61e60aec01f6805ab399a6,mother_jones,Left,41f08681daeede561da62a94bcec4ef8a57c1107167ec1692f78b454da1731c6,2026-08-17 16:43:07+00:00,test_ood,frozen_holdout_outlet
774a1aa15191306bd90d3b2adebd7cbc0147a57bd988c54060fe9b794664f2ca,newsmax,Right,6c9a70562146ea0d62a67ae9a062d494058b872e46b0b4a984f1349383a67a26,2026-08-26 22:26:51+00:00,test_ood,frozen_holdout_outlet
7753618dd21d39e1715ae316acf1dbc6319dac8b59d5f44068d7c66872f859d8,mediaite,Lean Left,8954ef87be5aa10dccc5c72f8fe72b75b113ae44c32685b68ab6c4c0a5ee7fc3,2026-08-26 21:33:48+00:00,validation,newest_within_outlet
77b0971c58025974b45635060f00284f8e1e082c49ed91045db5982c4e4474ee,washington_examiner,Lean Right,d0337f57f2491dc312fb818bbd2179494aff3264455d5e883ab81b96b3af4f69,2026-08-25 22:49:25+00:00,test_ood,frozen_holdout_outlet
7979804d102a5641b791b0d38a4484f69b7363b10140888af609100034291072,fox_news,Right,a6e5e8db39322ef55dfead7db130e5a23b9e69c577a066f23f8fbf5907756735,2026-08-26 11:00:46+00:00,train,older_non_holdout_record
799d6251e721b9d24669d04d780f4709b488f33138293c1987dc968ce1c39ccb,abc_news,Lean Left,3f47e1196693fea3d5650f30f101964499369fcbfcf6d983427392274693b0c0,2026-08-26 08:49:32+00:00,train,older_non_holdout_record
79e8ed2a62d901065ab3689ec6685361c766e5f39bcd4df01a9f100b5fbadfa5,the_dispatch,Lean Right,e49c7c90bdd1ad8bb36577b1a8d9da8e191ad545af0c6e92d50bb35ffe1ba1bb,2026-08-22 12:00:00+00:00,train,older_non_holdout_record
7a15771525812899cef3761b7a65407f140fd5e12688d91e6ea7c414d42ead45,the_hill,Center,417a70862a5dd2199d479f021a5aa27f81055bcfe7e0800d22281936a5b6ed53,2026-08-26 20:59:47+00:00,validation,newest_within_outlet
7a1de7849684d7c203e0fb733a288afc38bef13b775a1da76ba9f47661bbb263,cnn,Lean Left,80c3e08219a18a11555d80ddd542b0e805ee9fb0c1db21fcea06092268caaea9,2024-06-10 08:54:20+00:00,test_ood,frozen_holdout_outlet
7a39737d189d79a0568e23a710d8134409fa7ecf5913af8a2d48343dccea8502,washington_examiner,Lean Right,1680911af9a5a185b9590229458c261b9b5d5858c7b479a68a53759a9110d7e5,2026-08-23 10:00:00+00:00,test_ood,frozen_holdout_outlet
7a6531840a0eba4e4dab716ca2d491b6076a7cae66d60b27784dc52cff6ae6b6,mother_jones,Left,638f0e6f7365cdb2960810f1a76ff383a3c034fcd0a232535e08c2a9dffb8730,2026-08-17 18:32:52+00:00,test_ood,frozen_holdout_outlet
7ac7178bdf87b88d05bf7eb250cfdb9b2e13123a68ddcf94a95ea3e943516e30,the_hill,Center,ae4b194bfcf910cb30858f7eddbfb0c1d26ef5f0695269621c345353776d1739,2026-08-26 14:02:42+00:00,train,older_non_holdout_record
7aec244699489d72465c6e3c554970f508f4ccffed61cf8d0fad0a44cccbc0b4,mother_jones,Left,386aa71847dde06d57c05827283060c75c07816055ab435b9176ed51ac63bcfb,2026-08-03 11:30:00+00:00,test_ood,frozen_holdout_outlet
7af02985abc739a5a9eadef45713f885a56c3fb9a93cf40650c4a1826af93fab,cnn,Lean Left,2b0cd0c40f40d920d9db2c3f976ea35770351e4b88c4561408d465a36effa0e1,2024-06-11 00:37:07+00:00,test_ood,frozen_holdout_outlet
7b147d2d605b5929f2fb2b7d1fe0203c76932b773a969e72118d9fb1c0ef996e,nbc_news,Lean Left,1001abfc43c2b497227d247bb3c16f59f1552a31e802ced82044d7ccee9dc20f,2026-08-26 17:17:23+00:00,train,older_non_holdout_record
7b15f518b041d44b89c098f92367e5c24ff8601cffb24643828d0efbd69d7e96,fox_news,Right,78758b7ab17b0ada3569e09e8e8c7293c4820b97fdce616b6ebaf7b90097c87b,2026-08-26 15:28:35+00:00,train,older_non_holdout_record
7b64af0aa1f68a49f18fc1aaf8cebfb31f7a480b9ef7ca63decceaf8677bfc79,abc_news,Lean Left,f8748dca0a105b39a819816cfd8609593af74f17b91103f8c8fe1833bd2169a8,2026-08-25 23:33:52+00:00,train,older_non_holdout_record
7b7945ac012cc3f957fc4751f0498a84c31ee79ae26e0973d68aad8670a8630f,mother_jones,Left,f1c5626cd482deaefac313831a063669761a7066fd34f00077a5fe90a74fc317,2026-08-14 11:30:00+00:00,test_ood,frozen_holdout_outlet
7b7f3a95ec6a558e88a7d29c6e75841aa06a997b2556fe133e57861f89f0e293,breitbart,Right,61659a45bca1db7184f374ac2dfe4ded809898912ac52d09faf31205700a17cd,2026-08-26 21:02:33+00:00,train,older_non_holdout_record
7bd95c87db155ecc821dbc85d195de545ef10842600f78f2f081785eacfee178,washington_examiner,Lean Right,382acdf7fc4f9e0177993e10142ed2033ef46f89d638e7c83b4d56f2d875eb41,2026-08-27 09:00:00+00:00,test_ood,frozen_holdout_outlet
7c6ced022b9230a91207597ac6050053d6789510cf5a6a8c2055b47dfabbd928,washington_examiner,Lean Right,2dfe78715944f258a43144f756ce9aead84cf75ea718651204483c4ab452d651,2026-08-22 11:00:00+00:00,test_ood,frozen_holdout_outlet
7c7099da7704e8a00bd62816b7f592d0eb6c864d5bf858998363d5367cc5bfe6,cs_monitor,Center,a4cac50bdb9b372cf93d128f7c30bddbf30c89ed3c8546ef0c6baad1fcd50e03,2026-08-24 20:11:51+00:00,test_ood,frozen_holdout_outlet
7cf63fe3405dc5146a02a763ff14501aee5ef90e94d81f9fb0be4618b708e380,newsnation,Center,9e7b6d108a1a9335d5048d3857dd42ab559c81c0782c96ecc0899dd6a8d53c6f,2026-08-26 20:32:05+00:00,validation,newest_within_outlet
7cf830ac942faed2b53c8d7e1f13ec79a01cac5c60bcb1f7360fcc52406f4bb3,mediaite,Lean Left,c5ada9f71caaf2931d3cc816de891843bea97492b3bee54b513ded14631a1f2d,2026-08-22 04:29:20+00:00,train,older_non_holdout_record
7d1bbcfd3691f961512da6fdf04e020e6d86251e1df54373125513b24e81fb5e,washington_examiner,Lean Right,73847a918e9c337b9fafebb10a04a30c582698c4eb9229105b15d4be79f9cdc0,2026-08-26 12:44:55+00:00,test_ood,frozen_holdout_outlet
7d4e008b6b6be46db312e2a8c41fba5593110d0a2853ddc3d623ab219c99e1b3,the_hill,Center,8f3982fa6a7c2a0dfa73e068d2683054960f1942d4e2d94539b025758bb87724,2026-08-26 15:30:00+00:00,train,older_non_holdout_record
7d666319539d83852a7910e1ef6783ce2eff14d052d705c2762c23c1e08b4162,the_dispatch,Lean Right,3652fc06516850859cd36f4c8747a80fc02a112713cfafb4b5080f46d7aad936,2026-08-07 05:02:00+00:00,train,older_non_holdout_record
7da75443798ee6dc6006f198fa3671396a1d3bd352c9d88f378c534562a8bec7,newsnation,Center,c3d5734eb5834aecdb9a9a6ec50b2b22e84dc6a69d5e61a0752df7b5ee3d4aa7,2026-08-24 20:58:49+00:00,train,older_non_holdout_record
7e12f6444053bb564adc5e71ecc4922826d6902d666262e7dca8f66bbfa94e93,fox_news,Right,ba821290b4afcfe9083568061faaa40578b0c5ddb3b0f78a405217b53e810fdd,2026-08-26 16:35:59+00:00,train,older_non_holdout_record
7e2f9797d0d383ea6c3f92c0cbc091687743d7887aba635ff8c998e425e1476b,mother_jones,Left,30eb47c9004e7fa66e51d249a867ba4d823cf9a6ea0ae9eda8767e6327c90f50,2026-08-18 10:00:00+00:00,test_ood,frozen_holdout_outlet
7eab20ceda7949de7c51f89d080662c528855b74efe790fb6f18e7eaf0ef419d,washington_examiner,Lean Right,08f416bcd606cb6266d9b68f642e8039da9b0890594dbd68e6dc2e30e0ae5bc5,2026-08-25 17:16:55+00:00,test_ood,frozen_holdout_outlet
7fae6db82f1596f7c6ec825ab2572379e4254458aefff2c68a1d3125fc82fcb4,vox,Left,eb1eba173e6efee3fad191daf02548a2919b79250fe3bf392f661cbcbc282dad,2026-08-20 22:15:11+00:00,train,older_non_holdout_record
7fc8db001ab44e4fa19e58126f6468ad77c6798df3778962f4b61f7714dbabb2,the_hill,Center,d4f69a28e8c8ec1508ab161c4b53fbbfa69e6ff052c5fa83502f00b60a8eb6f2,2026-08-26 13:43:25+00:00,train,older_non_holdout_record
7fe92f88f18fb301b6887d765b48feddb988804b7905d10bd5a5834d606ade7c,washington_examiner,Lean Right,7226bc63e09038bdaef9296d7229bae1119202f09da928ccfdaef3d7dbcae958,2026-08-24 21:09:57+00:00,test_ood,frozen_holdout_outlet
801c04e2323f60c274c67b628190687543e1a8471ac12dbb65ab765dc22d104d,the_dispatch,Lean Right,cbb526968d8f1de0ada6ae37d31ec80ef6ab5f187ccdb345810fb83ecf81c97b,2026-08-17 05:00:00+00:00,train,older_non_holdout_record
80230102b6cb725313a723470558c2a67b42ae5e11393a6b1611f248b7cb0a33,the_hill,Center,9b59f6df64ce672e6b3db5ac20995e9f01453219c300a171628e7812c73d7317,2026-08-25 12:03:00+00:00,train,older_non_holdout_record
804af63feeabf8e1604c35bb0b3a3929dc8fb1752848a69b17046058b85cba00,reason,Lean Right,2fe3250e1e99bcfcddd81ec766518cef4fda0c454c69a5679d68f4ab8fbf9d54,2026-08-25 13:30:02+00:00,validation,newest_within_outlet
80506ec143f357d41513fb77114612a0ddbfc4586b68f75d76d7a3ee8ca00bc0,cnn,Lean Left,161e6cf56cdb806d106fc3d70885268654a9c6514ba1ad916d4dfd0e6e0d6dcc,2022-11-29 23:32:13+00:00,test_ood,frozen_holdout_outlet
80970087ccaad3e3a42fbeab4220746d4cd90d755f962b3589ec48d001fdf3f9,nbc_news,Lean Left,916067b49a7c32a6904da6ee8ac43bac76b0d98b440af64064ded6f200aed3e1,2026-08-25 17:08:36+00:00,train,older_non_holdout_record
80b3bba7b5e78a04ca7a1a9e0a699dcc783dce46ed6434617e8bb5f9c8e61963,washington_examiner,Lean Right,eeca1fca55ccb51b67394c98d0d24f0c7ab9f920aba850f65725dd0fdef466ec,2026-08-25 19:02:27+00:00,test_ood,frozen_holdout_outlet
80db4c6da98486d8b8891d204fc269b99c2a67c77c9af457080e7fed16056a34,breitbart,Right,8bf55bbcfcc32a912156877c93c56cfe3cb2a92494a9c26c48cd975254876a3d,2026-08-26 18:58:41+00:00,train,older_non_holdout_record
810464f3b89c28e1e8a00a9f906794adb0b3b6a2c633f98b86d4cabbeaae1a95,the_hill,Center,7bb9a4a72093feabdbc156ee2bb1ef804eca534c6bd0fa7239285b8b0b29d6ca,2026-08-26 12:07:56+00:00,train,older_non_holdout_record
8111d882ab7a97ef34c3a20c9f35fad7dcd3e7abfaaa7c6300ef09347d9ee306,abc_news,Lean Left,0c393149d19e1f5746c87ceaf51c9ca4a55eeda25daa28dac7b943d89a3efa3c,2026-08-26 11:45:04+00:00,train,older_non_holdout_record
8162dd552aaa02c31594e5a33f21104d9c0a0e6fb6b57ad43e35c6c638a2c671,mother_jones,Left,5672fcffb5e724ba30db9f2da6d0c62689bfd690540044fbcfb0a6e17a78bc9c,2026-08-06 10:00:00+00:00,test_ood,frozen_holdout_outlet
816389576d503930904a5dc4acb9dafc535e5fa0aeacf4ba9e932c6c1383537f,washington_examiner,Lean Right,c201d0ed2ba4e15105c3b39e52a6c80be865f073e174865456658f0d6de49657,2026-08-24 21:44:30+00:00,test_ood,frozen_holdout_outlet
822e9395af87b2f587d943ad431aa0937d085c978a846d9b0e737112020f41cf,reason,Lean Right,c4b1542f379a3ed063dc6de978a45e1eae589df3e9ba87711f75a0336ccb95c5,2026-08-12 16:00:27+00:00,train,older_non_holdout_record
829488c4ddd415b35c11211fe013097540a30e91c0726b7d1ccb12e77a661a65,nbc_news,Lean Left,3d4411d69061a4b98305f4b8e1b0522ac985b766b72221a0c5c4680c0890fd50,2026-08-26 00:50:49+00:00,train,older_non_holdout_record
82d0bbda9be704263d7e6f027fcca2516ee21452a7137b7addb544c61e3a2f87,washington_examiner,Lean Right,904e3b1328a0d6fee233b5793e1764a2c9257f893b864ea141099642ea032906,2026-08-24 08:06:26+00:00,test_ood,frozen_holdout_outlet
83f2ad07a2a29c1e194d555c1cdc59fcab9aac3dd0aa992ce290c5f2f2c1a0af,reason,Lean Right,df2ebfa2bc6dd7166dd187a1ea63988001af8488bc1899512c897f7537111b2d,2026-08-23 11:00:29+00:00,train,older_non_holdout_record
8438345a57deeee908894a5afaf0596af00c300b5db9cf04f6a36b5fc1887145,washington_examiner,Lean Right,f3f0296da7e0f318381755af1c5ca8133f27448fb3d5e692a54ee82ca4ed538f,2026-08-24 14:41:33+00:00,test_ood,frozen_holdout_outlet
84a0132be5b8cbe149b1555c14417a54dd06a77a120758326422861067e2dae5,washington_examiner,Lean Right,490381ee3ae26fdfc8347ddbb2935785109dac1eb13368a72664f7d5d83f478c,2026-08-26 15:09:03+00:00,test_ood,frozen_holdout_outlet
84a27dc1613d9a060293ac74477922536998a1e3ed9d43aeabc0f776b78e6889,reason,Lean Right,4c3edf7bdef58d4f88fb99ec1b47102bdb0e93982126be2d3dae4feb72aa6071,2026-08-18 13:19:48+00:00,train,older_non_holdout_record
84c094216788563adde4280aed3b0e842297834925fe9aa70e06aabbaa81fecc,reason,Lean Right,964096bfc9e1611b3f340ed74f3299cb1e93daa0a02aa7ea3e9a5f18070577d4,2026-08-14 22:05:13+00:00,train,older_non_holdout_record
84fd4744e56dfeae0c5f1dcc5f782cfa54920f9ac5736dfa0dead3ad66e46c64,newsmax,Right,665d48c91625787a53382276ae61e3688a8f473ed1e4d1269d2e76645dbfbb1e,2026-08-27 01:11:46+00:00,test_ood,frozen_holdout_outlet
85022a4e7240a0a9d7719de3885047cd133ff1863e9195001fd81b108652747e,the_atlantic,Left,c9a8b5c8d8ff8235d85c428d758cd41c0dfc618a66173df3e5bcc18f82d0d201,2026-08-23 11:00:00+00:00,train,older_non_holdout_record
8537bc94440112382c66c5741c676b9987d0e240b4f6053f4dc029aa4af82a87,cnn,Lean Left,c5d11f949ac45f78cd849a15242e1147d74cd70334cb33cfb5462b5ae9853d27,2023-04-18 19:56:40+00:00,test_ood,frozen_holdout_outlet
854823e4dd92f5d08462dd85b23a8760049853ce8f00c143bf0280a1b0c15b74,cnn,Lean Left,62bee563c664a6cdb8aa21f097d02423c0b5c2de568f245c5179130b357db362,2023-04-16 11:22:36+00:00,test_ood,frozen_holdout_outlet
856ef87a3f877848b3993be459661ce614f6ee45d30614e2cf5ff5e34a8b6fd9,mediaite,Lean Left,fc2ce0f775e0f158009875359dc23b08e0ea2f4f301791d0d23f9826c4c3ed44,2026-08-26 20:06:48+00:00,validation,newest_within_outlet
85a2b3ac7433e07805cf98f532c20dc559d48841153442b31e4e8652cf7edad1,the_atlantic,Left,7a8cd29328c38f6386fc5bcb2d0ea9ab0ede4e86a090b5fdf3c6a4590097873f,2026-08-09 12:00:00+00:00,train,older_non_holdout_record
85cb0222771a8d4c9404a14c657fc66c2a567d3f8d9504bb398ad727d812e9a2,mother_jones,Left,5a72176b812922aaf6ddc7c14009f09c9ec46577a4367cde2b4d8059e70c7f71,2026-08-04 11:30:00+00:00,test_ood,frozen_holdout_outlet
85ff024c66df093163a19550dd0c5edf84f0aca2e69ccd29d71aec0a1c12ad73,mediaite,Lean Left,b8fa536bf9b58a1e2e01fc9e9b17c9d4d395dabf055feeb92b07f2b7eec7c277,2026-08-24 19:42:04+00:00,train,older_non_holdout_record
8614af56c6de1cf038d4aefdb7c6c730e68c4949f97695e520f42773fe80e1ca,the_hill,Center,f8786384be16eeeddc0b1b5b7270bdd97f188aabcb0b53db4cfb3acdd83c249a,2026-08-26 16:44:25+00:00,train,older_non_holdout_record
86308469bdade7298887819cca64d6555883883feb1e7659179f069e14205d29,washington_examiner,Lean Right,a4f557f685dbfcf1f4bd91bfb9c37593d181cc04e60db3fff0d6375dfa7c7daf,2026-08-26 21:45:31+00:00,test_ood,frozen_holdout_outlet
86b18c5095731a88a241d8f80039c3b89d24a3bb6ab41793187f9c46b26e9298,cs_monitor,Center,df549744407a4d5bd09d377484b4da43fda84f36fce4f852d0e6304aed802d46,2026-08-26 02:06:43+00:00,test_ood,frozen_holdout_outlet
86b4186339d84b4ab5fa14a65d7c7ba02416869cb09ea3e40a7831147d2a54c8,daily_wire,Right,d5e3000c87bb97784ff16acfcf6a5ccde0d6c5fcff4951291c61ae5439c9f7ef,2026-08-26 17:08:37+00:00,validation,newest_within_outlet
86f4794ad5dfb3653eff86a42a02fe5c9ce0be75f1ab5b2265a9fc86767c3184,washington_examiner,Lean Right,4895a5e009dffd62267652dbb4a844dbc6af8cf526ed3144a87c4d3ac882eb6f,2026-08-26 18:27:09+00:00,test_ood,frozen_holdout_outlet
873c80bb0c9d3b1d6d83bc3a07d85412d02a020e42300977dfb7d02b8b293630,newsnation,Center,9a2bc73e0ac2ec9d43382348df6cb96c00a5b348e5af24d839d9d98b7c607203,2026-08-26 19:51:00+00:00,validation,newest_within_outlet
874edd8fa41450df8d3dab0d2cf83b1cd0f95633f626d498897ac907f2f5bc6f,mother_jones,Left,a35a7c5ef2485c9b5312d60cd776f83c7e1fa5718dc3ecdd04acb6da6e1cc5aa,2026-08-23 14:25:26+00:00,test_ood,frozen_holdout_outlet
8808186e0ad039f0bc420c98e1583b3dda15013491a2bb291885432586ede630,reason,Lean Right,751d64d10318af5dc3d154799c4035c17e55a7fe50d68b6f4ef2ab63e3b1fe03,2026-08-17 11:00:46+00:00,train,older_non_holdout_record
88341c3dcfe8378d1f47d4a741ceb8c78d3e48d0d8c3efe18b0f31129fd6ab44,the_atlantic,Left,2eee51519287bff50c1eda8b129a014a0aeb0aa72341762d810468f6f0bc19a7,2026-08-25 21:12:00+00:00,validation,newest_within_outlet
88b97b48dd69a20d1b668d4a3c3af278350a9b0f1252826f9984061232cec570,washington_examiner,Lean Right,38ca660a045941851d33de7cf47ecf2fca67468b30a9bd8190c96f356b67b994,2026-08-25 15:03:38+00:00,test_ood,frozen_holdout_outlet
88e1e5403154288fca4c3f10cf37a872ee22e7bae4726b4206473c040f8a3e1e,mediaite,Lean Left,0bca1fae6404e9e76f96cddf6ae01ec06c1857e21463f5f68498aa046b0f12e0,2026-08-26 22:02:46+00:00,validation,newest_within_outlet
89284e39cbe7118f46639c9a8856bd09fbb3b1fb04f84425a1450e11dd57f61c,the_hill,Center,91b3732f1adcdeebb9e3d0eaa06589836282774f666116a979f9066532af271b,2026-08-26 22:07:53+00:00,validation,newest_within_outlet
8991f28f98e08863c8506c32a7fc2e2bf2d1db55c4adbf22c9cf1cb4d5902677,washington_examiner,Lean Right,ab14a6cee507167e28ab211156cf3ffe044b81d2af7646a4ab3acf82fdd6ac19,2026-08-25 16:55:14+00:00,test_ood,frozen_holdout_outlet
8a986a81d9436cccead081eb774daa753e7921b003120572c25a0d4a24b1eaba,abc_news,Lean Left,41805c11d64e0a5384a0b658cd2341782f7c041e5d99e569044fcbf79355a6d8,2026-08-26 12:34:14+00:00,train,older_non_holdout_record
8a9887e106ce12f8ec6f38b80ef641c126b0ec4ff4e3180303b78ee0a0e47fdf,reason,Lean Right,f4261efdc3b483bd4e5f540cab216ba4062614d39fffd112a6780ea03909bcac,2026-08-20 11:00:25+00:00,train,older_non_holdout_record
8ac36c929f6c615b61c7169fc1e43caf4233a4de063f530d0dc886fb5ca1cc35,mother_jones,Left,58ac87c1056d897179e88bfe1ca295473881a604ab1db7c1c828faa11aab527c,2026-08-18 22:46:15+00:00,test_ood,frozen_holdout_outlet
8ac70171d3d62f85e91cf4d3024a05f43f241108a975ffe241776b2dc0b2306f,washington_examiner,Lean Right,5cf9fb1e8e7df22aaf83857af0338e616ffdf231e2f9690b0f6cc53254488d11,2026-08-25 13:00:00+00:00,test_ood,frozen_holdout_outlet
8ad86f89321b593839e5ca3e94ee141aef5a0d23c19fd96d0cf89e1052ef0147,washington_examiner,Lean Right,c4be45a77d7e4937f597103526cf0b9498817c1d944029c1a9b0ad1f78211aa8,2026-08-24 17:17:31+00:00,test_ood,frozen_holdout_outlet
8b64c10ade36e7390d43fabd19b0710482afb2caf3e30d664709ad7131cf6972,nbc_news,Lean Left,27f38e6f0486b2664d5608f510b06d01a5a92ac70c5e624200119d0a9dfef3e9,2026-08-27 01:02:21+00:00,validation,newest_within_outlet
8bf2956b583ab5221d4ca4a04b0694ff85a31cbc10592ba9c9161a3934c5a66d,mother_jones,Left,44a07be833bee12a66c6a8ce176502499b352bab9cdced0de49c2c89b7d5e2df,2026-08-26 10:01:00+00:00,test_ood,frozen_holdout_outlet
8c4b78e2edd4a557f7e5c3cc7a42874bfff967b4c86a0de05f1cfe666efb44f8,the_dispatch,Lean Right,c644baee0301a739f4977f4d9cda4a2a5dfe7eedd0ca63bac3c4d20f124b3573,2026-08-11 07:00:00+00:00,train,older_non_holdout_record
8c53ddd3bc3004832eab10bfde6eb22eb2c0a0200f3e2619e2181d3cf8be75cc,reason,Lean Right,17008e92117811121f50ded2cb029cad342d9b9ae075ea38251bfbdbd0d6c511,2026-08-21 17:17:14+00:00,train,older_non_holdout_record
8c6e86fa01e213efbf85310321c769b935891e776a7d3d9efa702093bb42f9b0,mother_jones,Left,0f1b01732f518ef12b96cf28be215218f775a3756881c85a52bb67c68c14d6a8,2026-08-13 20:52:34+00:00,test_ood,frozen_holdout_outlet
8c780e173b9689853b9af7f447b3fb76eefe6be507f27ba8a157bc70977b2121,newsnation,Center,a2be03839dc4c9e3aa025f76a7b939442886d8e62b3450850125fa5dbbecad25,2026-08-25 15:18:37+00:00,train,older_non_holdout_record
8c828a8a978ad1cd7589d05304229aa2a15ff8b22c5d522a1c46121b04e73d6d,breitbart,Right,8c55e2e9baf5c80033db72079ff19b4539863498c1177674230a20b7b685c917,2026-08-26 17:06:42+00:00,train,older_non_holdout_record
8cbeac26aab6e49b6acb80445dd7d9e1720cd87d172977ca5b1d33dd879deabc,washington_examiner,Lean Right,07a61b7338ecc2848617d41f830bb8300f3d5468c05a1b109ed6372f82a9996b,2026-08-26 23:13:02+00:00,test_ood,frozen_holdout_outlet
8d305623235da55cb05281af943e2597932177ea442a96c979ca9c9c35512e18,washington_examiner,Lean Right,ac454efa2d4d1ecdc328e6aec0cc522eacb87c52b8cffc7d1614e3153b88f82e,2026-08-24 20:39:17+00:00,test_ood,frozen_holdout_outlet
8d3cbb1ae029af725c33659020f1aa8c898ade418909e93e471966d3637a24cb,cnn,Lean Left,bd6a6961749077fee898ff4407ae5d88508e092e8629c85c8c6d39756cad3afa,2024-06-18 01:42:44+00:00,test_ood,frozen_holdout_outlet
8da6eafc2da8b041bd7062faa6d89708c7a9e103beac61aebe7bc7867b740ec6,reason,Lean Right,938f7356c5f3139b60a0c816df3361d2a6db9dddd2bbce16c18e83e6fed11fd3,2026-08-26 21:06:56+00:00,validation,newest_within_outlet
8db2fbeca610d02af0b63338ad23f4190ba5dd5f7b006c3f22b912124275ec9d,reason,Lean Right,9c844699af3827b08136a946f8443e2be7c054509f21fd63b624e5e932867d2e,2026-08-11 18:45:01+00:00,train,older_non_holdout_record
8dd0417b94350fcd9a5f8e0f0dd39199ff77e72dff17a8db1ece11300be8342b,reason,Lean Right,ea6f1988d5b547bcecd32c43b2c1ea35ff1ac461653d0caaab7fe542557b1855,2026-08-18 15:42:52+00:00,train,older_non_holdout_record
8e01cabb29f68064c1f25a2300000375a427a64fa2928b728aeefe3e13eb714f,washington_examiner,Lean Right,5adebf96dd9157bff887c5f33af6da5d698f4e88be5b4afa6fbb068f0a12b362,2026-08-26 20:40:01+00:00,test_ood,frozen_holdout_outlet
8e1c929abea58874e349fe905dd9b238cf235e70f269974de461641789a3234f,reason,Lean Right,7f6b6eeba8cccdf8d51cd910e78f9d2ae8ae7e4456baa5e09979e014099d0155,2026-08-25 19:45:10+00:00,validation,newest_within_outlet
8e29c16e61333acc23e7671dc7e7d9eeb1c02b6803cf74627758a1e4808563c8,reason,Lean Right,d523e101f3f871227f5ccb1260bfecdcb8c9603b2e91ae4d233d207a5d182784,2026-08-17 22:41:29+00:00,train,older_non_holdout_record
8e7204f0a06f2cf02f6e054708e06748ae170818f7470643da568b6a5e2c79f2,mother_jones,Left,3cf9a0ec91acf9e3087bbf3f2e4b33466d62446cb02d2ad1abe28254e8715181,2026-08-18 17:53:53+00:00,test_ood,frozen_holdout_outlet
8f007ad77a2440a53ba972928d652049398e3a401d2e35004b7559598701491f,fox_news,Right,2e83643a85d1b4bede624f06f0fd53d0f0cbcca9cb74c6e294e3dd3c84d6d076,2026-08-26 21:02:34+00:00,train,older_non_holdout_record
8f059c5f31f62b65e04492b0607aceb17741209f0e69731791cfe5e18c628d21,mother_jones,Left,1af46982337fb4d174cdebda6e4f24058131b770058095f3c158d7039438b4ea,2026-08-19 10:00:00+00:00,test_ood,frozen_holdout_outlet
8f545f315fc8b523e4a95d25ca0b5939ddad4f41e5a37bd7cdd915e962ff4cba,mediaite,Lean Left,90e0a0b21f29adf43c4e838c8202d62ea9f6e244a6932d1f514dea833f62eb45,2026-08-27 01:15:51+00:00,validation,newest_within_outlet
8f6ea34c5d6adc6c4f4358137792d9ebcdc894993cb4d1e0c36697b459d2e5d2,washington_examiner,Lean Right,440d4eb1dd15bf4ec22f4015d30d0639227e071732c03f9abcc22720493626e2,2026-08-26 21:13:58+00:00,test_ood,frozen_holdout_outlet
8f83f7a33ae737e6beb7889cb8befc73d285bb53374e8a37bc677d931693e8ee,nbc_news,Lean Left,e5a43f1d48e51d7f2dfe77aa74df62844b9c5e8b93d409da07e3c3c9516e1fd7,2026-08-26 22:40:09+00:00,validation,newest_within_outlet
8ff4395a9e8dfd49f15e9b524345aee77be55e09287d5088233762da0bd33a06,washington_examiner,Lean Right,22877d34e42a66c192b12015a54c8653ff0b08706153e4fd6420f3fe808925a9,2026-08-26 20:29:34+00:00,test_ood,frozen_holdout_outlet
901f19bf413abd8441d83500234b8b3a3c80a7b800b52dac690d72632aa04375,washington_examiner,Lean Right,6a07252aff78ad160a2635cfe6220d0d018bf24396c0ecc37bc01801609ac86e,2026-08-26 18:00:00+00:00,test_ood,frozen_holdout_outlet
905d8b662ea4dd809b4cee2b5bb316c404649053c710c4640ae723a49f982d44,reason,Lean Right,aa531b51c4a6924e4d55d380d5c371d63041fb81fadc36a822c7b09220561b0d,2026-08-19 14:59:12+00:00,train,older_non_holdout_record
9068024d0c0da59de3bbf16a5359266a34c5c66f8f352d191df533eb6c3615e1,washington_examiner,Lean Right,b85b1c81c1b24c82904f794f401062dd7409c2464fc59ad319893164d18a89a2,2026-08-23 16:10:29+00:00,test_ood,frozen_holdout_outlet
90e0e0e5ccf908929224ff64b793c6004a39e3695ee49838703fef8b8d02a5c5,reason,Lean Right,3dd09a249cddc6184f19a4a7ab011a5e7c4a508321ca1ba2bec5c89801459fa8,2026-08-14 19:11:42+00:00,train,older_non_holdout_record
90f4bb13c0c67fb39793a1946f23f95c04ab908d9b56936e94c2dd2c71de0988,vox,Left,9fa5c856969e18ab3998a70b05087ec22d20cd01e6366c04fa0b7a655ee361ca,2026-08-21 21:26:19+00:00,train,older_non_holdout_record
9108e925fc315d79c2e899be962132d1bb418b4d0e770808f75a9357d2570079,washington_examiner,Lean Right,841459e79ccb2b1550102b35f9bb57c2525b83fe604425bd79f5f08247b30d04,2026-08-24 15:57:21+00:00,test_ood,frozen_holdout_outlet
913a3f979c35428339f4010423306b9019f6d9d5f3ca8a8d958245c35de0b963,daily_wire,Right,4e095e0a9c5707525ab65ab7fb9b007bec3e3f001782500e0fbc52d5eaa1949d,2026-08-26 08:10:39+00:00,train,older_non_holdout_record
913f107a6adc45181b1aa417387fcc2aada2a43d9dabd46f4405f8553ee2316e,mediaite,Lean Left,3c92bc1bb57ebb97c3a348b24a7f9eb82b37ec5a06d68fc7226f2a5c342168f6,2026-08-23 19:10:14+00:00,train,older_non_holdout_record
916b954cfb3dbd209d155f83acfacb05a628c374d9b87c67fc1b698605f949ed,mother_jones,Left,a4f0bbf51a56d198486ccf40b516fd14640c1a15389f3a7cf03d0683651d0701,2026-08-06 16:25:09+00:00,test_ood,frozen_holdout_outlet
916c9be7ff0133015268885e643e79abcc2aed7c50c6eacfced4f830891afdc9,washington_examiner,Lean Right,eeed16357db7996ff7c9429a3b57626a327afc9898ef622ef906e4e05a09929d,2026-08-24 17:30:00+00:00,test_ood,frozen_holdout_outlet
91e1bd064d4889bfb2b1fff63bd41d56ac8705080e16cc442bc5066309949163,abc_news,Lean Left,8af41e7a210d918c02f5bcc05173f17ec676fff4ed61e1cbdb2d9795b0119d65,2026-08-25 15:56:58+00:00,train,older_non_holdout_record
92be41944b11c40efc33c8dd0b9866a38421a70272a3a9cb18fb88f317c550c7,newsmax,Right,a76d137578a9a839fb50d4fb9d4b87f6bccfdbb0b42f631eded137ae0eb6d72a,2026-08-26 21:00:31+00:00,test_ood,frozen_holdout_outlet
935681e9ae5b1e102aa6193f5f26c3f9461bde7282f63decb8405a4e2762cc06,washington_examiner,Lean Right,4bf191a4caa038646e945da61a56464b0f5e64607752e67bcd0977d85d734a79,2026-08-24 18:31:42+00:00,test_ood,frozen_holdout_outlet
937feda284064ad441e6fcb2fea77938ea43d84a9cc75629a0317c0f164af545,mother_jones,Left,68280f837e96d96a73c4459cb2de2c6d13d8439ac5c4c8df6654a0b2c36d2ff7,2026-07-27 11:30:00+00:00,test_ood,frozen_holdout_outlet
93fe1d24375a63044e229fbd3e6dc44d6280a756d62bc66d00a836f9cb4597c6,abc_news,Lean Left,db460d76e56186b45c3940a9fb5b2066fad6c63e9a1c96c4f157a0816682cc7c,2026-08-26 11:45:03+00:00,train,older_non_holdout_record
94726cd2faae8f79a867ad7ea118aba15dec395942aa934a73a29f6f8392afcc,the_hill,Center,9bd65f31b7c38cfd29989a76879365e12eff21506ce363240517bf1328bc0ced,2026-08-26 13:29:46+00:00,train,older_non_holdout_record
9480f234e8539f3055b77fd638139f8a53fdc65a9d737d405b54f6ac5d1e7cb7,abc_news,Lean Left,0228acc5e4a4cae197340925ea3b85a805d9ae9fa421a04211d81bc8f0beb3e7,2026-08-25 11:40:13+00:00,train,older_non_holdout_record
94844c7105b492cc5abbcf3f957e519de29d24cc0aad2dcfb3f853d5176a0a5a,breitbart,Right,f468fb36b294a45db757d7b70f6f433e8ac11484dd898ad9cafd3bf910f5fb48,2026-08-26 23:14:27+00:00,validation,newest_within_outlet
9497cc3960d9be21b3c53573831bf3381f3a0b421fd76aa3b0271c1a7c35dc4f,daily_wire,Right,47613265bc1ee9329d3210f45fab59c29e12b4fbfb9fb5db2977c4df84407650,2026-08-26 11:40:30+00:00,train,older_non_holdout_record
9498560b61ead53db4ffbce2974621471b6a18bc61a88326284f3a4a316c1956,newsmax,Right,665d48c91625787a53382276ae61e3688a8f473ed1e4d1269d2e76645dbfbb1e,2026-08-27 01:11:46+00:00,test_ood,frozen_holdout_outlet
94cc7b1950db26c65f90d908d386b1b33125e91d9601d06b8d6ba5f3b1161c12,newsnation,Center,cc3bc80440dfb7224906fdf843d6d4475faae2bdb0d944a939c2f5f38f648d4e,2026-08-24 14:39:44+00:00,train,older_non_holdout_record
95b898fb1f2bf0d55cbf878d763bb519559a1fc87fcefbc8fd676883269c10d6,newsmax,Right,67d3bd92b1c433fc4315596c28dda87b5fa284e5030927980d6599fc31ddd678,2026-08-26 23:42:58+00:00,test_ood,frozen_holdout_outlet
95d6e743fe51484242ef9b9ce5ccca94faebaa09d849b4f1bf9a21f984ee1fb2,breitbart,Right,3d7f6c19c2ffbce49836f505eafde055e525caa5ce50d64bc8856356fc721e68,2026-08-26 16:23:21+00:00,train,older_non_holdout_record
9699f2d90346221488f52ebba198926f7887a9e36b43f6fc80c761b325fe5ae1,washington_examiner,Lean Right,1055cea41e49327786e2371d91c700fe7509f7e6f32c164119071c8c8230b60a,2026-08-26 18:54:18+00:00,test_ood,frozen_holdout_outlet
96afc3a5c51c973bd75a520d5426e80ac01d120a5d9f895d459585d6563e5bae,fox_news,Right,5f6f994ca49af096691403c757a0783abd81f74af9df62fd832536a2b3880ae9,2026-08-26 17:36:38+00:00,train,older_non_holdout_record
96cc128a2fc28a26254bb1f075d18590b8a2578700aadd72bee85bc289bfdc8f,the_atlantic,Left,f37538e8d6e13de3916986dcb80f6c681fce9bd7bb67701757ad15c3b2ece86b,2026-07-16 14:37:28+00:00,train,older_non_holdout_record
96f6a495befd209c41ea72defafbbaa650477d55f4a45dbd49eee21fd802e354,fox_news,Right,cf532591ea6f9c8eeb012985f9fba3bd75de8401b2d7e7b985ef7de245f55d78,2026-08-26 18:20:44+00:00,train,older_non_holdout_record
96fb936c65b59330de594872d378f7584511eb3ecdb3f5ab570bed124d243dd2,mediaite,Lean Left,0cb3b2fc15e02b5dd4a27c09fa95beb0dc46f437cac710216481d5a4723738a5,2026-08-26 03:48:13+00:00,train,older_non_holdout_record
973f9d1e2478a16be0d90872a8abd4aa725d5dd6670fce95bb3de95e705155db,mother_jones,Left,9d680a49ce04bc034adc4c8192c1e3989e3a67fc92961ad6f1765a94ec5b9d22,2026-07-22 10:00:00+00:00,test_ood,frozen_holdout_outlet
977476e313bf7c93df679639a2f4b2436a7f8b8f7629dac6fac5db9d154d9868,mother_jones,Left,6499126d1e3699bd3afb7c61be2abc42ea7fba3562b9103caddcd2994faa24e0,2026-08-12 11:00:00+00:00,test_ood,frozen_holdout_outlet
97efe2e6bbef25db2ec64df02a67710f5af2cf9986a50027780392efc7e353ab,reason,Lean Right,ef5734a0727303d65ad892448012c037ac1c46d798d0dc8b6672b581828bf8b1,2026-08-19 15:45:06+00:00,train,older_non_holdout_record
9805839423ff0beae9e3ca9bfb99638acfafe2dc0a8e9a2ac0bddee7dd6fb8c1,fox_news,Right,73814d73f9e93b85c31a88c6f86ec6f4dc6e1af64290b0ad2ca964727d7e38d3,2026-08-26 14:30:26+00:00,train,older_non_holdout_record
98793d533f443aa4a9d7c0a44e40769c5c093f018c65db662e61ea854fb72855,the_hill,Center,beb6f0508808f9a3251b2937cca9efc861a34f5cb67d3ab0d0b193b761d6a9d9,2026-08-26 12:57:08+00:00,train,older_non_holdout_record
987de80b9a17e2cf18f501352a218cd7d4023c29bc0c404d2bb9f3af5ab4ae53,washington_examiner,Lean Right,015d05caeaaac4f61a2b18e812df836b589d64b5707c336abc62778147725dc4,2026-08-26 13:00:00+00:00,test_ood,frozen_holdout_outlet
98b3157266888f496d597acfbc36739d39b1522c1b29e31978a6166f11d3f36f,mother_jones,Left,d43437e88e1c867746e69d3b7b5b58ca7954a870d11a850ed57617ac39e51232,2026-08-22 16:22:02+00:00,test_ood,frozen_holdout_outlet
991358ee143032a1d4175016c0b07234c1de421c2e77ba8cf99c13fc7fa6a420,mediaite,Lean Left,386570f98d529ac9268c125e2ab44f46bc1aed7ad885c62b9098fdab414258e8,2026-08-21 22:07:36+00:00,train,older_non_holdout_record
994fd6811e54d3ab62fbd448124f34167449add28f8ca5c774418bd488e49530,mother_jones,Left,633013476e5087148cd53d608f2678700fa0b1fc299bd2e45aa57391efe6d81a,2026-08-22 07:01:00+00:00,test_ood,frozen_holdout_outlet
99666a8f51a0e82db3734db0b2a4f6421303644ac7194ac070df1096c0d13fdf,the_hill,Center,f29350003913d01a952240647a84d8349cc21ffe3b45ff0ff7c232f38ccdac70,2026-08-26 17:13:49+00:00,train,older_non_holdout_record
997d5ff17d5a250249790cfc9f22b543eeade275fee1214dcfb1077100770a30,washington_examiner,Lean Right,fd7a3429b7d188aa610dfa1e9ccf0bff80f12c223e55a6bdf0fb40651c944161,2026-08-26 13:03:30+00:00,test_ood,frozen_holdout_outlet
99cf3a95ee76c12137cce7a96fb27a664917ee42c5f35e30f623694e75e63d14,reason,Lean Right,af7d0e050e2edf86636c610f7b5a1dabc2bcb98ca11461d4bae8314f6a8e8efd,2026-08-12 17:02:25+00:00,train,older_non_holdout_record
99eacb96b5634c1d5e7f5eaa123967e68ebb131b417f2557077ca10d57822e59,the_hill,Center,f03e3c256a64b397b43d677d274dfe5207ddc749240b524ecc43cd0be67ef1b5,2026-08-26 21:43:56+00:00,validation,newest_within_outlet
9a0c917961a236e2b50895c3ad695cee4ccc93f18d43533683bd57d6c779d21d,reason,Lean Right,1797a7fa4374429fb38f62516dcb9b6c9b546e1f04a83a6e648e7760290aa6ed,2026-08-19 20:15:06+00:00,train,older_non_holdout_record
9a16676e94cf3ab700f47e8c5d12fc19279abcce543f31c1520b8227934bb084,mediaite,Lean Left,89f1ea6965fc43be3d8619dd41a207efd938cd41977131db495c284cbabb2513,2026-08-26 16:23:41+00:00,train,older_non_holdout_record
9a6627d4174d47eed5a0ad0f43a1a71c7dd7bff35c987c9fa5dffbc2ffe901c1,mother_jones,Left,b771818832bef3e40ac7c3a50e63d9c37dca1b8eb8010ebd808af7cb3c08cd44,2026-08-06 15:22:41+00:00,test_ood,frozen_holdout_outlet
9a91ff7ff2c3501b0faaf6d982cf9de46688160b4342675746797a5bfdf904aa,fox_news,Right,a173f16bce5a756099a5971b828a265ab337304a1f8f09d89cf8c2fa1de99acc,2026-08-26 23:19:37+00:00,validation,newest_within_outlet
9acd642a3691c7508c9bf31034e48babd8cc602db79be0bc73b2370984114e00,mother_jones,Left,2863f18ad78c2def24311f715de2ed5d263ed0de5e70096e1ea86a30e5042d3a,2026-07-23 18:29:39+00:00,test_ood,frozen_holdout_outlet
9af7c77538306bd6d31b213dea754d7425b0ceab91de6952331482ab16a52f39,reason,Lean Right,8e021e0f62296de6367d133ad1cfb882627f9ac5e60ae13ed421695db3fa50ac,2026-08-26 17:52:18+00:00,validation,newest_within_outlet
9b5b850234ec41de83d650006dd7938c1a68b51fbda0ae0bb8c9cd03613483c9,mother_jones,Left,97f5929b7a7355e665eaa2165fbcb833055440a366426f4e640463738155b4bd,2026-07-29 10:01:00+00:00,test_ood,frozen_holdout_outlet
9b6a25af58a4934ec5cd49f2569a46a2489b2f04f7dc713d2018327e064e4b3f,fox_news,Right,e5fa16161f7c850ed8241ae093ca544b6af0e9a582c6b384d48b3806e50317a0,2026-08-27 02:29:26+00:00,validation,newest_within_outlet
9b7b312ec91310ce9b6167db4cdaf45578ab2a253816f1078f12225f0284bf39,mother_jones,Left,3d55c3466f76d450c2c6805a101d45b90cbe079cd7033d52b9b388f21e0cee5f,2026-07-26 17:29:53+00:00,test_ood,frozen_holdout_outlet
9c0af36fdaec1d001afad39bab463f909df829088ed7944c1321c93606e39030,newsnation,Center,2e6c1ffd6eae967343c81a684e7fd0d2c44ba466d2146adfca74e1ae45e8eca5,2026-08-26 21:39:09+00:00,validation,newest_within_outlet
9c403cc36c1df612d3538e2238684f11ead7582be3dfeb91df5dd54ac1b57706,mediaite,Lean Left,c23015a16920b3794e51c1d80308290e31a4848c832f0034be3315e30c68cee6,2026-08-21 21:12:53+00:00,train,older_non_holdout_record
9c66d9bc3483db83d8f164c1edbd4d7e8eebfc0ca4a4d2d3769fc0f44cc5e08d,washington_examiner,Lean Right,a88e821081ea6118b9dac8b1b2fea5913cfd29ae0d6027de40c1fdf6b40ead0a,2026-08-25 18:23:51+00:00,test_ood,frozen_holdout_outlet
9c857d333e14e5f379e6d1035a474f62d77334fad5756c7e3e3e4fbc7567685b,the_hill,Center,eca6af480f670d95f8b044819ab6cacf5ebcc60b715249b67f2d51a4380eb0b2,2026-08-26 22:45:22+00:00,validation,newest_within_outlet
9cbb96f922d0000812eb7673e54e89600548c49966e0778f480794f91c379ea0,washington_examiner,Lean Right,7008a1bd9dbfe527a7db7e4875b93c17dc0fdb49b4c0eb2c535ad1976d0948d0,2026-08-22 20:56:43+00:00,test_ood,frozen_holdout_outlet
9d133282c931a688d998856040a5646a412c6002f93efb2bdd80d26c0dc02c75,washington_examiner,Lean Right,7d3d791db08ed3ed31bbf0392537a26be71c5435bd0a97003c53d4997f081060,2026-08-26 01:25:42+00:00,test_ood,frozen_holdout_outlet
9d15279f1cf902b7b1536e83b404bf900847b8e06dc8b10b95d43cfb844b66fc,mother_jones,Left,5493b9244aa6a8ef99bb09b892c7c74e790a62d7da27bca75a8347bc96afbaff,2026-08-04 16:50:47+00:00,test_ood,frozen_holdout_outlet
9d6c741a4c5c4e4acdcd85074ac156aa4f059b1a24a11ad172dd59c0d2ddea00,washington_examiner,Lean Right,347dad10985634cf6015e11427d770d06a6a079d032b17752f803be4be6dce96,2026-08-22 18:15:29+00:00,test_ood,frozen_holdout_outlet
9d6e3eec0b0e1f3a659a8f47297b292c31121bcebe07d82200e27ec664ba121b,breitbart,Right,2c9db82c9a0b142186503a391479a6e01fdc87772ca218eb631af2667421e8e5,2026-08-26 15:25:03+00:00,train,older_non_holdout_record
9d9355603b864a9d7cd7b6cfc530ce31afff01f1b737b9c1169dd3533b144e21,washington_examiner,Lean Right,f9171a03c1aa038effa9ed3456d02826b86324a526bacc11a02dc2f76c3ed49a,2026-08-26 14:00:00+00:00,test_ood,frozen_holdout_outlet
9dc17376c04c8d92f65de5c3ccaaaf6507a15ab12337942602be652f0093f337,cnn,Lean Left,bb2eca369a8ad9021a296c11ccaeab1350a344b855d96f15974e17c7e4c910a5,2023-04-19 12:44:51+00:00,test_ood,frozen_holdout_outlet
9df217d4bd21dbc878910807b06e4d541df5550be5ec0b0b9453739f76268b76,fox_news,Right,ee85dccdc07fe9e8bd5e0c489c1d3e8ba3f88e496f777c5f53b3bd65904b1462,2026-08-26 19:31:16+00:00,train,older_non_holdout_record
9dfdad246cc1668309dcbd0ef80ead23e1420750397855791040fec6c6f277ed,newsmax,Right,65b956974d630f9bc0a53759a0216c261d58bc8a686f03eff5c2b3961e2a151d,2026-08-26 22:23:25+00:00,test_ood,frozen_holdout_outlet
9e4e1160f89b52a496569b6bbfed25215b09e8d8f6fdb84cf6d38d10f757e52a,washington_examiner,Lean Right,6e1968541305b3bed05a7c078451c84df968ddc3a4fde03ad6801fe7b83afe1f,2026-08-24 13:19:58+00:00,test_ood,frozen_holdout_outlet
9ec8c08a9562c7a4d60c1f3feb4798764ac4e187d567a4b18c710ebd5574f2fd,washington_examiner,Lean Right,7bc0c42306eec574605c4208b681194bf7c8088254c532c14ad2cac2ba55fad0,2026-08-25 02:45:23+00:00,test_ood,frozen_holdout_outlet
9f9037ca2560bde3ef58a8692d05a3213d2834bf7aa08ae75b78f4e7a71f19d4,cnn,Lean Left,b9c359d609f4ef00d2c34d5a4c275001fa4f2c03be54d7e22530b63683ad90e3,2024-06-10 03:02:35+00:00,test_ood,frozen_holdout_outlet
9fca6730789bcd41815c741277442d7c195ce95afb92223fb6dca745994d7dc2,fox_news,Right,e498053753e58e97432ce1592a3aac26fafc511e199bee29441266ac1a374a82,2026-08-24 18:13:26+00:00,train,older_non_holdout_record
9ffd28a139b6ca49f867db8dd5c3226aa535ff5164047bb7eda9634e90f5e26e,abc_news,Lean Left,4fea519fbb71e47394442ae5c98a323bd745a3f29453337c6ece06fb3a03d96b,2026-08-24 05:45:42+00:00,train,older_non_holdout_record
a0895dae287ddb5ca4293bfb58f7f0c1e49a2d51d2ea9b9370027e04258847b1,newsnation,Center,0feeb4215c157b62369f052476f5f6c0bd968731897e265e9c8a842cc681196a,2026-08-25 21:37:47+00:00,train,older_non_holdout_record
a0be29b299ac103ac14c2a3bc9a4b4c628cf953db5906d38d4143a2bffb61786,washington_examiner,Lean Right,4f41b8b83a8340c865002b4993bacc310c1840f90b1eddabc084eb98da5e339e,2026-08-24 15:22:29+00:00,test_ood,frozen_holdout_outlet
a0f57d08a90732fa5c935c7ed1b25c658427f4e3950b79458d23b8c3e89d6e0f,washington_examiner,Lean Right,cd101d1fc31626e0f472f9a59904937d8b879b08b3a8ff7713b32a3c67947edb,2026-08-24 14:57:20+00:00,test_ood,frozen_holdout_outlet
a21347ccad60dbf165ed8962130bb5314abbbe62c3174eb1c6ae614e9f60835b,washington_examiner,Lean Right,d0c3cea513c8b5b310a7bf63cc6442b25210900c541901e8865af7aa80ed0ec2,2026-08-26 20:03:43+00:00,test_ood,frozen_holdout_outlet
a224447b54b934980798097ee552b55a642cbae7d278d24be0132d0655cd4d6e,the_hill,Center,d40cdfe031f4eba808c53afcab48323013f42ae4c52f9cd0b140f9641d13bea5,2026-08-26 17:15:01+00:00,train,older_non_holdout_record
a266236416934b7881fb2ad0a79b3657b2ea7e9190fb05729a58160f6f77d5db,reason,Lean Right,141986218b1cfc02542acaca51cbb6d5139708ac88e7c9709c29874d70068ebc,2026-08-17 02:35:12+00:00,train,older_non_holdout_record
a275fcbe8bee47c9e271a80f8b1e4d451c9bc68ed67c4ed273fc21c6c7c7c07b,the_hill,Center,ab7e16c0b6df9fae0647e7350e2965f41122fe84b6a0f78ffdaec2733f01ed26,2026-08-26 17:29:04+00:00,train,older_non_holdout_record
a2c6645f4bb9d7af96f3f9fd1722c633c255aac501b0ee74fd381ab0e55a55eb,mother_jones,Left,53428b07a194b1f30e8fffe223f79e9bce0b1e254e7980dd4e0b6316e769ecf3,2026-08-11 13:49:27+00:00,test_ood,frozen_holdout_outlet
a32a81fa858e14dc2945b934f30cdb5026cfdbe7c16ee602d855ced128bf561b,mother_jones,Left,2044663995e555339eff98a7d5489c7a57bad51a1a5c4e5a7397d5f1763bdedf,2026-08-18 16:40:01+00:00,test_ood,frozen_holdout_outlet
a34e84480682e3cef656d02b6c68abe4c14045f2cb277fb0c034c14aca40827f,mother_jones,Left,c4278425fb359115ef924e8b8f647b64d0a479ef12597b52054a7ef137c5fd3c,2026-07-24 11:30:00+00:00,test_ood,frozen_holdout_outlet
a37f0e700b4e7d29035b507a28b39dcd157ac8cc600e16c542ab1b673c324f6b,reason,Lean Right,a2b9280ef4834d6854b131a8115494be2e5e1baf887195a024664981cd200f5c,2026-08-17 21:57:09+00:00,train,older_non_holdout_record
a387b326900a734e459945141f41ccba58548883150ebf156471a10cf3481d61,reason,Lean Right,a6a8a8088ce14cd147ccfa2721c30e365e6ae72b8ac37932bb713a866bf7b418,2026-08-18 12:48:55+00:00,train,older_non_holdout_record
a3ab6c35f1279c2f35d439201bc531c83541ef4a51c4cf6e8f616717bc521866,the_hill,Center,dcaabb02da0cb0f30de8800bc3ddb6e3f48ab142fe1763564f44f1fcf4f9a513,2026-08-26 01:17:12+00:00,train,older_non_holdout_record
a3ef9e47b27067843a010d543bc130c85c853b484a2100cc1822e3fac8ccf111,washington_examiner,Lean Right,4d7a4bcb8868b48940852069bfce52310c1b135132fa7018ff787043d1ca80fd,2026-08-26 22:46:01+00:00,test_ood,frozen_holdout_outlet
a40a5409041a66a3a69005d1faab786a36455403a51a2183333879e3d91d3a2e,washington_examiner,Lean Right,571771112c22c61800b8baf1b1001e741073c4a27f9a24757804f1bca1427028,2026-08-22 10:00:00+00:00,test_ood,frozen_holdout_outlet
a466a623ba9ee62224e2207caf26228ee2c723d365fc4a32b27c1de9da452851,mother_jones,Left,b52dc6693102087a6ae88d38ccb1089d8551b92bb1555a1f55e7ba24c4643b34,2026-08-05 11:30:00+00:00,test_ood,frozen_holdout_outlet
a46a88eb35dff0fb72f59f9f215911c89dad01a029b1b188f41548337b41977e,mother_jones,Left,818f902dc64875951a642e737ecc6ea6a7e287b30359028e640311a9b5c97b5a,2026-08-15 15:41:56+00:00,test_ood,frozen_holdout_outlet
a4711a38678748a6ab834babc763238ccbec1bc5f94a80ed58b25c3370894d04,mother_jones,Left,abf64c26a5b64c0924d3c5ba05607caebb18c58da40b2c19918828b1bd4c5425,2026-07-28 17:35:02+00:00,test_ood,frozen_holdout_outlet
a48d30efbd97cd762ddb69b5842c3afb75f713b3facb0f2b0d043d124accfce5,mother_jones,Left,1b26cbcb3bb15f43e8c69ccb8a28d396b8283607e9c6654e0a8504e4034138e5,2026-07-24 18:55:31+00:00,test_ood,frozen_holdout_outlet
a49862b9a84d6371e8529c2f99bdca3389b90f0e86c9601afa350920d2fd3544,mother_jones,Left,ffa984d1f2b5aa11fdc82f4cfcdd8f12c19e3270a21e795aabb5a663ea0f2f69,2026-08-03 16:50:21+00:00,test_ood,frozen_holdout_outlet
a4b222456e746a61b3a1697b7f06a59a17f8cecea04f5a477a1e6f854c755cb6,the_atlantic,Left,5edbbb0faab54367b19c0eb5dc3edc665d82590dd86b29bebf951741cb0bd120,2026-08-20 17:01:12+00:00,train,older_non_holdout_record
a4c780fb49ebaa60846fa6f827e71552a88dec34536e803aa9b3c1f2a02e3a70,daily_wire,Right,4909c91816f456940ef335ef0363599e63b067ee77db714dab8468c5fe06b070,2026-08-26 08:56:07+00:00,train,older_non_holdout_record
a51dba61c53dad38743b7e941a9423cc19b28e75169525b82db284a09aab57bb,newsnation,Center,0f44d97e3d762085e7e04beaba13e2305df0aa927aa2ebdd5235d658f42e59c8,2026-08-26 20:47:37+00:00,validation,newest_within_outlet
a55f934cd240074f140dab93c5a080c26ab433e97522cb7f53212e855e4d3f45,cnn,Lean Left,c194a482c0c1e7e05fceae85f331ab96158e02e597601f3a9dedb0407c318172,2024-06-13 21:20:54+00:00,test_ood,frozen_holdout_outlet
a56515696656732a5360d74eb16ea8962bbaf424b0d1d8dd2d2960f1bd2037b9,newsnation,Center,bda065b81d6d925ac18beb5db04a6401e9a7b5008be0427684d403dcfcdebe00,2026-08-26 16:32:39+00:00,validation,newest_within_outlet
a673b8efb96d737c67044833ec283efe298213a52be63ec5c9c9a3bf89f4faa9,mother_jones,Left,b5c76da71d81d7dbec01392d551baf9bb1d7d9a954c47ca982f0c0fbdfdab5c0,2026-08-06 11:30:00+00:00,test_ood,frozen_holdout_outlet
a6baf996a1fc7d96250e12ea71427d258aa0af228a2c0cd2a2cc630c52fc439b,washington_examiner,Lean Right,5ed5e456210479ba0ca4b0388874b459abe1aa916b9fc26922dcf06d5893950d,2026-08-26 10:00:00+00:00,test_ood,frozen_holdout_outlet
a6da2300bcef6f6a63ccaad661415292dda2b9cd299c72cd92399cee00d384b1,washington_examiner,Lean Right,372be2e1a011d8241faf0e2d2af3723e9f2001b98095cf946de4886c11192cd0,2026-08-22 10:00:00+00:00,test_ood,frozen_holdout_outlet
a6ecb344b43ac81ff9c1e9407420827803b650d7b109e92a01502d5e8dbafcee,mediaite,Lean Left,f543cb1c6c9f8fa640c56accde70f24b961bbc2b8862fe1e4bd9b42033fbfa3a,2026-08-21 19:42:23+00:00,train,older_non_holdout_record
a71121721f9fb41de5ff895705ea7d9db2fe49f852e8fbb3a8fce4a56650ef12,washington_examiner,Lean Right,0c0633744a3e5477895b815b01bd1dc1b41a60477316bebef718225ab9fe7e7f,2026-08-23 20:57:51+00:00,test_ood,frozen_holdout_outlet
a72aed438b18776ce0f3f75202916a1cb2528e46a4f7f94260393fbea2dda7bd,cnn,Lean Left,56db94012cab4e8f9afc1b50f0ae64751097e9286670131dd3708559b6a6d769,2023-04-18 11:30:00+00:00,test_ood,frozen_holdout_outlet
a769362653bc2213a74dab8cee39746c1551aa0029842d36db502cbb8e2495c5,the_atlantic,Left,c738e1153ab063788c70492d2313626f85359faf9856792e8f73a4f17cdd7e1f,2026-08-25 10:00:00+00:00,train,older_non_holdout_record
a7b4952a9e6a9cb9e8337e5f36dbd70d3fbf75dfacaa641cae82ef22740414d9,mother_jones,Left,e704e346c1ce2378cfd2e37f8860c3372e5495481f6b97b123cabbd37ffa70e6,2026-07-30 17:13:09+00:00,test_ood,frozen_holdout_outlet
a7cf39d74dccec10209d8c7c4a8e1198fe6c2be7dc49f07e137127e9f9d61894,mother_jones,Left,34b6da955947d532eb36bb363dd5fbae576eb53efebec403ed3315391328ba9e,2026-07-30 16:22:11+00:00,test_ood,frozen_holdout_outlet
a8181c299d806f3528c54dcff86dd6cb2d2c82f9506596ef5565a3c08e71b636,the_atlantic,Left,69006783efaac203d81c592beb05dda34ba56b0ee2361498a7a7c6dbf4d4027d,2026-07-31 19:21:29+00:00,train,older_non_holdout_record
a82db169d65cb8917cd2e434e1fd0a295424100b6c3cef7514ce709de4d16e46,mother_jones,Left,5a17f06cd79612f60d008a1e4d9b123acfb32f7d7b608df52fe9c7fee9d2ba4e,2026-07-30 19:51:49+00:00,test_ood,frozen_holdout_outlet
a85dd3b9ad4493cc9c95cb595d1797273e7905fdba7c770af2e8e6ba8ce652c5,newsmax,Right,0a9abd36aba4958943bc35ad0eac72d5fd2cad9aceee29c5ba951d43291af2ea,2026-08-26 22:03:49+00:00,test_ood,frozen_holdout_outlet
a8854f2259a665c6d886e0dd1d364e53124eb8a1cfc0570e51efcf5305bc3d4e,washington_examiner,Lean Right,b75f6c70e1d6794922d78bc6b56eac9f70573eba71f8176e660317b9a3815514,2026-08-24 19:05:12+00:00,test_ood,frozen_holdout_outlet
a8d13ce79a0fd82f0d7e5646831da53c4626da30584fed5bb8a5b46a6c512679,washington_examiner,Lean Right,8021fb3caf8bdb1fd745d31854de3e63e5e12c82bd3a64869b24fdc28cb6b256,2026-08-24 14:42:13+00:00,test_ood,frozen_holdout_outlet
a9887a06bef67aa095f16fb23cb89cd5016eac3d50db1b2f2b44b4c04a33bb58,fox_news,Right,1477b8acf828813075363fff2ef6e9716c9f39f56b8cb2df51f4a4c5c08ae959,2026-08-26 19:32:05+00:00,train,older_non_holdout_record
a98a29b0137dad8de52a609b6b1839ba8b6f515f0a7712bb4563e62db55076ab,newsnation,Center,8ae755ab50966c1c4c241e49b84082dadffa728d967a1cfd729481eb7e317e8f,2026-08-26 12:21:45+00:00,train,older_non_holdout_record
a99a34e5884a3cfdae12099033dc545baeaf2bc26d4123f9f3dc0a52cf146458,washington_examiner,Lean Right,08879af94189e7f4c81b66aaa6d15fecccf454351b64b39e9a0a48c29afe4792,2026-08-25 18:32:32+00:00,test_ood,frozen_holdout_outlet
a9af8e1f8ff858e4e46cdd3dce7787595ede5a2364f38e8569fefbda45caf813,fox_news,Right,9587f041e9fc56b1b6e2059148bb8716da4863e6e276307c07d714378418fa98,2026-08-26 22:42:57+00:00,train,older_non_holdout_record
aaa46794b771c9fb45733390e0547b39aa9cd7be47571162983e88e97b4b127c,abc_news,Lean Left,bce71879872bdbd13a8a68780f0d3497f6f0cd82eb15d352e22b235f08024d81,2026-08-23 16:34:27+00:00,train,older_non_holdout_record
aabf14d6e2861ce20491e11b72cf36ec48034df274977b60ff6b0588cba7f220,the_hill,Center,e6f85c60e2ff94218c609c870ba316c12e199f54b6e886bff7a00859700c92c6,2026-08-26 16:00:00+00:00,train,older_non_holdout_record
aacb2336356e30f5eee2227b9bdd6cf5be12008c75b481d4440f79a42a60278c,washington_examiner,Lean Right,374a05a5ecb5e3a23fd12e1e136642edb82ca3c770332a310517ad68070e677b,2026-08-24 21:48:58+00:00,test_ood,frozen_holdout_outlet
ab2393dc98f19570626c259b499c041a444ff5737fda6b0e5ca01e313a9aa86d,washington_examiner,Lean Right,c874635e2b1cd60da69c3492f6ea2ec0a2910f74bfeb6b16a8d0bbc08a745e51,2026-08-26 16:02:41+00:00,test_ood,frozen_holdout_outlet
ac9287be027bf018d5db2033cf31c01b7e66cf2c6b5835c06df9aa1594ab1b4a,washington_examiner,Lean Right,9a1b5c249a72b364e413a5270a9adb99be982b1b4d1411b85b86739eebcd9d4c,2026-08-26 23:58:43+00:00,test_ood,frozen_holdout_outlet
ac986751378af8b3a498018d3ab22fe2d3808d98ae233f0d8d138f3a5c7a3ac3,abc_news,Lean Left,771d658ec4f9c2074c483a261502db497a90d95d0997f43a0a5f6df5d9d3d3d9,2026-08-26 22:25:22+00:00,validation,newest_within_outlet
acb45df6509541c9065429eb1ef73fd3c216f355341c38d0b699d6ce8155c138,mother_jones,Left,a6c28596e882ac1128e2e63e4c16f64a87fdb231cea62f59392db6810dc038a9,2026-08-24 11:30:00+00:00,test_ood,frozen_holdout_outlet
ad9eb4268e9595d12b4285bf9fa0edbffc9ac126cd71dbb197be664a42e26025,mother_jones,Left,ce879ad8b1f7d3ca09396b1c5721e3207d541bff65bcc9f4e4d9a8a94624862e,2026-08-21 16:04:37+00:00,test_ood,frozen_holdout_outlet
ae3328a5b107c8c83e995c642458db5f08893225a73edd072a6d7b576c6e46e4,reason,Lean Right,fcb21733efb8dea1b5976a645da79f1508fdb33ad3af1095c8bce82a8e2343dc,2026-08-22 20:57:18+00:00,train,older_non_holdout_record
aeb6f80ca02bffa76d610eb7d421b67bf3edb496ee84b7cb97dc37de81e1d58a,fox_news,Right,b57d144afc6091f90bb0de3a5e789036ad4e6ce042a9fb0d40ad2b2828d646f8,2026-08-20 17:12:38+00:00,train,older_non_holdout_record
aed8e149f8fd4e3435ce26428f5b89f4caacc22feec2809fcbd160e931185dd4,daily_wire,Right,072b07e9337156bd22d3fefeeb88b101af3a92895bfdc94013b16e975f28c68b,2026-08-26 04:00:47+00:00,train,older_non_holdout_record
aef016b6516cd282d3b7ae525c66e643898ad70075b0251f2093d032b9a19080,the_atlantic,Left,9aefcb7dcde72cf502b09e7e631550aa7f65d3fc055a040dccfe0df5a05af9c5,2026-08-25 11:00:00+00:00,train,older_non_holdout_record
af523b44c463a253e73cc1c9c9917b6c1a73dd36adff627784c42509a8b5db58,washington_examiner,Lean Right,727bf910011ffb0b8f1b7726d76dc2bfc845062863b35276455d9e03cf38ca8f,2026-08-24 16:46:41+00:00,test_ood,frozen_holdout_outlet
afcede439ec7ef8cf4961c71484ec518576f2a093b375104a892029b97f9af8e,abc_news,Lean Left,484fddcf11d4fee77a8c2e334c6971b62a596f1341e9a4cdbbc5b45388b51707,2026-08-27 07:00:45+00:00,validation,newest_within_outlet
b07d98261a92db4a93714e3ec060474012c72b4bcc5c24fb42532097b216229e,breitbart,Right,6a42f680ab1c118300563a89c12bb0c222bcaa1d963353a6994209ad758a5d70,2026-08-26 16:29:28+00:00,train,older_non_holdout_record
b08ab724fa97333008c6455e5d84bcff733cc514ce4567a76951725c3c4a8ec1,mediaite,Lean Left,accd2f4fd531171eac95d4623b6cd34722f7a1f4cbf03b5419e5bf64d20cadaa,2026-08-25 01:57:12+00:00,train,older_non_holdout_record
b0d5dda7742f61d95dc65330ac0b5924b7857f2fa81cec204240fd0f31b37b5a,reason,Lean Right,32523e45bde23b59fb113f825d5a0a5ddbd365d54d205ae208f9633317defb46,2026-08-21 20:54:35+00:00,train,older_non_holdout_record
b12b933d0d9bef196fc4e0c78f81280e375f6adb03045e11a1d361f3c9e6f13a,mother_jones,Left,d3c846bae2f0e041318d91e5948cf7c339bda96b4d75ffd2074fa4264d10cccb,2026-08-10 16:00:46+00:00,test_ood,frozen_holdout_outlet
b1436a884ad9fa353eaa31eb8a30aa0d2b464d0fb1a4ec96a23cfede7d6200bf,mother_jones,Left,54d16deba3d7fdd6f78f6ddae42ef31612c58c6071442fba2f0f735afadaed35,2026-08-25 16:04:43+00:00,test_ood,frozen_holdout_outlet
b181f08aaf90f044908293acc8db89259f2b9d77415610b6c13b889e51fa57f7,mother_jones,Left,60ab14b3a419dd66e09b5f90ea78324c80c6ef02001f2d29a5e90c90eb1c91ea,2026-08-26 16:19:29+00:00,test_ood,frozen_holdout_outlet
b237740328324fc6fbdbc681fd7a193766b35f4f5f80ea1c52cc6c3d326c5847,washington_examiner,Lean Right,e9380f7e9c6411c27c78887d8478126a784ef93d1a94469571cf4d520a7ce7b8,2026-08-22 10:45:00+00:00,test_ood,frozen_holdout_outlet
b26c07c26ca8cbf0f2b041e05b48ed8a32eb94b19be1d7a8d93c650ccd5ae6ad,fox_news,Right,f0393acd33a5aec0ab097d21dcf2548b3813608e72a1841a167530ed81c488ac,2026-08-26 23:37:42+00:00,validation,newest_within_outlet
b2d43c306425c981c1818e4736f918814467f7f363c02fc9a5afddcff98582e4,newsnation,Center,f957e50c07b2eb721e37abc5bee1cc4ac67ca228a25891c8c525a3c61c995aff,2026-08-25 14:46:57+00:00,train,older_non_holdout_record
b2e25eff4f2ab5f8c9f7b30d8aa9fb50289c21322dacc6936f4cb328b2f6b54f,newsnation,Center,8c36caf1a4955a848a2ae28db1db8ca82b51d94431498539f1063ffd52394b13,2026-08-25 20:38:04+00:00,train,older_non_holdout_record
b3076303bb8d40f322a1f691f76b8a7e4b47b2eda2fa6da250fab438c40ec031,mother_jones,Left,76ec9775396477dfb52a0404c9a2f784a96d1e9c8008cbb694556c1b7fdcee00,2026-07-23 11:00:00+00:00,test_ood,frozen_holdout_outlet
b36042eab528452e7eda6ba7c9de04a66416516ec295fc1faf1a0bb69ce09413,washington_examiner,Lean Right,538d96a426b4506d97de44e6d40337abaebcb44c6449149960007b610c4bbe8f,2026-08-25 14:56:07+00:00,test_ood,frozen_holdout_outlet
b38436c1c2f13df34d75987d004070cda141532228bf7c219b43db43a928adbd,the_atlantic,Left,1af68dd7b4657cd4fb58d7cd1ec8ed8bff5b485786248a1c72b06d505f7eda4a,2026-08-23 11:52:11+00:00,train,older_non_holdout_record
b3d7c81f3455f5696f695c1418a290d1737399e27a413368251f85a0e24e682e,mother_jones,Left,a36d2b7f5082dfa3c1e2151dc89a31f696d2fa94c6d4c26bfe83e2b65c7247c5,2026-08-07 11:30:00+00:00,test_ood,frozen_holdout_outlet
b3e64ba547cc1cada133d39a9c7e7ae725e9fc1d60d11b843dde81bebfa36377,newsmax,Right,d48bb713f9447ae24edb1df110176d85fb25e744c1677add3ebd5f9936017042,2026-08-26 22:01:43+00:00,test_ood,frozen_holdout_outlet
b402d06032c25532c10c6c16baf7be8837c7b2af1b7b72c7d774cf392353c440,abc_news,Lean Left,d666e36a0b42e417eb199d178fc7d815625c361f6eb0b5f0bce1527f48396052,2026-08-25 20:45:15+00:00,train,older_non_holdout_record
b40c7e2607c09e12793b4525aff2a02a4ede5524ca714d4c14aa7ddeb145a8eb,washington_examiner,Lean Right,446e3086f103678f621f50428e3315dbd19132252d2e7774055f272dc82f252d,2026-08-25 17:15:56+00:00,test_ood,frozen_holdout_outlet
b4156697dffa30488fefdfa1b7597c5d847f9319dc9752b0926bf3c74259b113,the_hill,Center,88ab33e8d29bfa96e6c45e30cd6fccefd934319c86d9cf00e3333508733ec477,2026-08-25 12:27:20+00:00,train,older_non_holdout_record
b421f307f9063a2e5d1d352b21a1891ed742b3d40001825cd7dd9b92d2427adc,newsnation,Center,6af3fd523a2d4e477bfece1f36a7c0d855ba5d0ff49fa73db531a5f163251bc3,2026-08-22 16:33:41+00:00,train,older_non_holdout_record
b4271d4c80b294024e9565a5a02a69f05ee461445f1002b5a82d976e6fb9e789,mother_jones,Left,61c88db881ee6c695223075903c20eaf7e4b0d4eeb5cb4bdd5134220ae6d66f8,2026-07-26 18:48:35+00:00,test_ood,frozen_holdout_outlet
b43b4631a9d0cd5c2e4a2fafc95da95e931e37212e79f461262ddf7ab5aa3b21,washington_examiner,Lean Right,a8c0f7ea0aa135787856b24c520fdb2657886e50b951fffc5586da704d011efb,2026-08-25 19:28:42+00:00,test_ood,frozen_holdout_outlet
b43ddc8e9d19046d5a093a9f1532a449db1f2627ff52e5f80043f96a6ec742b8,reason,Lean Right,38d2ad90f7bc03ebcd218e5cc58856113c5b256f520e446c80b7dcb24ac6b38d,2026-08-14 18:55:58+00:00,train,older_non_holdout_record
b449c6df37fd0d1348f3456f6269e61019a0c9bc9857d2cbe816931410a2e5e4,mother_jones,Left,43581125b6e68dab20810800941850d8d8c53c049a19aaf328f4a0767a74074d,2026-08-01 10:29:04+00:00,test_ood,frozen_holdout_outlet
b48bd428d73d716ad0517aa095645fbfd6966dde38f3ba7c5d0178ce7badcc4f,fox_news,Right,63face41b016d903355edf36901cc460257a9830b22abc3ef41b51a853d0fdd3,2026-08-26 12:26:39+00:00,train,older_non_holdout_record
b56be427ab19bee335f3ee9256b8a2b2a73e6aefe187598bb10c8f09ccc1d203,the_atlantic,Left,523ca837cfe9fe96b0f9eff4b28935fed2121c10b978977e759617e536109d23,2026-08-15 11:00:00+00:00,train,older_non_holdout_record
b5d48f18834f246b0e9a4821c92c1df778b988bb07cea3d95447ad8b66071331,cnn,Lean Left,fe0a8e43a236153cfd2cd2928c8165e49ea7618eec805551403257aa0477105c,2023-04-17 09:06:12+00:00,test_ood,frozen_holdout_outlet
b602ba348bd69a5037c4727124d426a042596388ad2935e76f6f2f0f170c1739,the_atlantic,Left,361d986a575d207e212abab72fb8ae6fe222df53ee607d42301e4e93370f264a,2026-08-05 21:23:18+00:00,train,older_non_holdout_record
b65be16abf9e8157a7b7aa45fe9952716b76d7956711e157feb74c3d1d6d8755,reason,Lean Right,252570b6b399d245d06835712bfa1bf73ed0bb4e3196ebe7b5157da400e597ba,2026-08-21 20:24:04+00:00,train,older_non_holdout_record
b6abf70236bfd98086265424abd84c8ec4c941b38e94c63be2ccbba5a79c83d2,the_hill,Center,44bc2bf6c44c5b7d1309192a90816c0e4cc74cb3e9710419633b8936c739902f,2026-08-26 17:44:58+00:00,validation,exact_hash_grouped_with_validation
b70c1904040d970fe916b9aa09e12512cb45eb0f82b5d0efa3970010bfd80606,the_atlantic,Left,c8f64953aef6e930b452b32cfb38781d1c9268337c0bbe9a54f8d0b2565e9866,2026-07-23 20:51:23+00:00,train,older_non_holdout_record
b739922159d090caf6ae6b4f866fcf6f0d2840c9e25a5849b67b94400c79f9dc,the_hill,Center,8bd8ba530b48b723f97f9e24ba036eba90aacfdfc8dc0b745dcb281be1fefd85,2026-08-26 12:46:20+00:00,train,older_non_holdout_record
b768948cab485460df3e70f4deaaf2a18227042fd975e436d42a572ae4720857,mediaite,Lean Left,5c3f1d1f022d2ee25853d76bce50f472d9331e45905257cd2eaff3dba550dd08,2026-08-25 21:46:51+00:00,train,older_non_holdout_record
b85169dbeb3b0003c81e7a547dd43e60cc5145f4059ccdcb930cd7a5b32546ca,newsnation,Center,973d76f2493d0f2cdb2723fadcac182d8a30261e7295277d6e89939dddee7fb6,2026-08-26 16:53:29+00:00,validation,newest_within_outlet
b858eff4284542dedb967265454c7bcd0419147283f8b1ea1d85a0b1463244ed,washington_examiner,Lean Right,eea1d94438476ed0135e40ba332a208b03c4fafe72adec65b91a1036fc4975d1,2026-08-27 02:04:31+00:00,test_ood,frozen_holdout_outlet
b8632db3a0c1e2350373fdc65b30a595d0dea93c02034fc71ed5669319a0e2f3,washington_examiner,Lean Right,fcb965a2ca579fb587dd1e219b8bff509bc15871cff7c2464ebb70ccb8107440,2026-08-25 16:03:28+00:00,test_ood,frozen_holdout_outlet
b89b7a71bf547d762940c52bf9b923979986f1e1613f4b308f377a5c06b25243,mother_jones,Left,e53aa2120f5468276f7f5c597744e703c0a64564e4a1295e7de789f844cee7fb,2026-08-11 20:08:27+00:00,test_ood,frozen_holdout_outlet
b8bba8ca9c9e2de2b530bb609208a04721b7fc7c1e0f96b92298786c079f21d5,mother_jones,Left,7c82b7aa7d4a25f63f40e0f43636edd4284e8fc4a230ccba83e74e32f6b76eaf,2026-08-19 19:34:42+00:00,test_ood,frozen_holdout_outlet
b8d9cfc814b639b25a4ab20d3594c40db2e2395fd37f2ae025c0b3e846cb107f,cs_monitor,Center,3ea301aa7004999d6d9795ccd1ba4ba5524dcadc58d981622b856569f57cc11e,2026-08-22 09:00:27+00:00,test_ood,frozen_holdout_outlet
b8eb7c051512f965b016cc85b1f4160e5e5c3973ba245661c7ed40ea5124e784,the_atlantic,Left,0f948921b83dc4339ff011e7fe1ca6b98e17ba17509192cfbf1fde996bab1d65,2026-08-26 10:00:00+00:00,validation,newest_within_outlet
b8f2cacd801434ff793dc655361373139eb8571bf8f71d85b4b898aba30f5c09,vox,Left,9597b9c785d52547e9a08413b53e02b4fe9ba6ba0f8a85139b9012e6ad1ceba4,2026-08-24 21:34:23+00:00,train,older_non_holdout_record
b8f9c4c159be6be33ce708ba68ce37628c6b7b4cad3aa322d20537c68c06e015,the_hill,Center,7c2b2c6160efe2587c1048d49d4befc4a49470f3c42b3c489b2a1e01b2437047,2026-08-26 20:12:29+00:00,validation,newest_within_outlet
b943df3fef91d5a1a942d335e146cfa9b4b69d6cae6e76eb16085511abae2d5b,washington_examiner,Lean Right,d90a9c0366698de808a44adf46391907cced7f6684211503fa0f0bd988d296cb,2026-08-26 17:00:56+00:00,test_ood,frozen_holdout_outlet
b9b00692a9753ac491a0505e02ad0f0531e9b571b3df9c09231ad850dd222e43,breitbart,Right,85cfc8f9a7c97384ddd8f806e5750a1e9a56d7f9922e3a1128fb646bec0eee55,2026-08-26 21:31:12+00:00,train,older_non_holdout_record
b9b159bfe8eeac0fb5e0cf46277fba4c4cff1105ec755ace8b11bbe3a1e83541,abc_news,Lean Left,0dc481d3ea5c449e4ddf9293202337a2c13e57cc6d3abb614d5d607819abd8b6,2026-08-21 19:26:17+00:00,train,older_non_holdout_record
ba1ec165b99a6f64901dd876e0d4c8437aa6943a6fdd81595b8da49ec5151548,reason,Lean Right,0628e5796a184f859325fdf251121254fe3f85b04f39e550f1301071a32a837a,2026-08-20 16:30:33+00:00,train,older_non_holdout_record
ba39e0ffaf5bacaebf971175a4a656508545a740f9efa801e7d9a6b4c4102283,the_atlantic,Left,5b6f84d079325430e7231748de57ef4682326c4532cb9ee8b1e7d46ad1338f65,2026-08-05 16:01:00+00:00,train,older_non_holdout_record
bb37ab54fc8139ae5cc22d7dbd5ae2569365b6c75d9eb0fb7119632abc5798fa,the_atlantic,Left,3fab60bd3ecd5a62ed458162e7edeaf1fbfc91ed23c1f7376ff0d4d0af78230e,2026-08-26 16:07:00+00:00,validation,newest_within_outlet
bc266cb0c0af54720d64f5b9f846a34f356fd0602dc441352d7aa3582716d7e8,washington_examiner,Lean Right,e1de1a594eeed6aed4b79704b25ddfd5d23b9aed869edff718cb9558e2aab1f8,2026-08-24 16:55:13+00:00,test_ood,frozen_holdout_outlet
bc3510bfa207ca5f3d07f06aedc166a55f862f48597587069aedb9ff6f7fd5a8,washington_examiner,Lean Right,8e71ecafeb2700133724c89a9ef944dadfd74d99aaca222d235a97126ea99d3f,2026-08-24 19:31:15+00:00,test_ood,frozen_holdout_outlet
bc5440bdc19f8f78b8e34b45357fe54db4bdee14b5b0729e2e122f3d516fab9b,mother_jones,Left,9c007094585ba667b02388b6a7013198ebbd19c1ef6ee2bfa68b530f91c1fd1b,2026-08-06 15:18:05+00:00,test_ood,frozen_holdout_outlet
bc7d4390e1a67430b570124e508d98e03f783f52885ce29cbea3305a9e39d052,reason,Lean Right,a406c36af9f440a830ac179f3de6b58ac3704b24823cfec06459d17e5b7b5e10,2026-08-19 04:01:47+00:00,train,older_non_holdout_record
bc7f1784c89e6e330f4b2d6eab5ff2d5e24e7afafeda694101a9a5da7d89280e,mediaite,Lean Left,b19257183ed9e22e8bf97ed92e4645fef9c51b4984201ae3cbf9a2d852a3d62a,2026-08-24 00:10:12+00:00,train,older_non_holdout_record
bc9cd9589745f8cd1bc529744de3532bdf0286ead2c0259d6f863f25d7828ade,reason,Lean Right,401a7f665792de485711ae4e3720e64e535fedf407e95abc55289ab33bc9b81a,2026-08-14 19:30:05+00:00,train,older_non_holdout_record
bcb5f264ebad235bbcc4d4d2b416ef2df2b8aa4832f76e15bf2eb25873500fd1,nbc_news,Lean Left,cc741ca0a112c31ce27693572ed4c54a8d1df9e3c67fff4a3ef572e2a392af68,2026-08-18 20:28:17+00:00,train,older_non_holdout_record
bd05d758f3c2bf6541851245492f7f2380c2ab61a000e5b344f5c7ca30203293,the_dispatch,Lean Right,7889c7537df46015274be82873df82afe11d3d7d486ae98ba27b61aa4735276b,2026-08-17 10:41:57+00:00,train,older_non_holdout_record
be024914c28a37817edd101ba9ed2621cc9a8999cd4a9bf2f9e071bf2551cd3b,the_atlantic,Left,4bf5812e7b839b93a095913836bca0bbe39aaf21a3c7ab07383081136b995957,2026-08-26 00:44:06+00:00,validation,newest_within_outlet
be61c25e4da60f893a2de808de6de81d712023c99643cf302e5cbd5ed66eb39d,mediaite,Lean Left,47434150d6bd77041a9fcbec83877eb29f65c4d5f255dd18a1582e01cf0050ae,2026-08-26 16:39:06+00:00,train,older_non_holdout_record
bec3f5f25bf4fc2d74dd706510d9acfb2d92e942910085a18aa2de03d29f05a1,washington_examiner,Lean Right,021fe59f66fd536535662b838176ca19d921e0b1ae58c3822f8ff616c68e3777,2026-08-25 14:05:10+00:00,test_ood,frozen_holdout_outlet
bed2f52a11ab874b7264d7e723445f9c3204930ce3c7286ac0469e1fb0854bf5,mother_jones,Left,5c6c2ba0311fab1dd51650c33d252da5bed25bfe7110c0f931ffda7d6f627d14,2026-07-30 18:42:49+00:00,test_ood,frozen_holdout_outlet
bef20da9665dd58d5900f636c9b980cb0d63db8d8da406e391bf0cc6fa0ba3c2,the_atlantic,Left,3a079235b4da803bc06a726b79e9236b24a4020d3565dbd9ad09aa2efd718b53,2026-08-01 01:15:00+00:00,train,older_non_holdout_record
bfae61f0a90f3f5d60bf5f4f77103339e927333b2a8180a4129a5c82d7290b45,reason,Lean Right,32fe0f696fae07f9f6d897eeea2124b313dd3335ac48ae476a9aa674a14aeee7,2026-08-24 11:00:31+00:00,validation,newest_within_outlet
bfe9fd2a19270bd67a0f19e27f4c68f9a7a5fb5482600f3325405937e0592405,fox_news,Right,732d30880120cb91b6bd7fdcb1830b540e7b18540456d19ffc478c162ca169d5,2026-08-27 09:00:33+00:00,validation,newest_within_outlet
c0870b98e5f6131550e51a63d29b21cd4fc4f15b6dc5bf71fb02ba6e63679a92,reason,Lean Right,79dd018adab9d4c29ecf00fe27ecaa47c05163f750e9270343d78c7838d2c83a,2026-08-25 18:23:42+00:00,validation,newest_within_outlet
c0aff25dda383254c82e7bd43678ceb04c1000e6d9e24aa55b1733b891ffc1e4,abc_news,Lean Left,88f4fa9c6d202273ed2ea31bd1a3eb1b0488e18e80468f0a909e26f682485827,2026-08-26 05:40:42+00:00,train,older_non_holdout_record
c0b658c2d41091370e98d5dc4e0ec3cd97e52121c5d1bae9ed5d84c2205daaea,daily_wire,Right,62776d8d7727144f1cea6ceaafe20c3a0a121e89eafb83a92f618524f5f718c2,2026-08-26 05:45:47+00:00,train,older_non_holdout_record
c0c37e6282b059b1ffe6ff8e88345df90dba25c57b81223d289e76ee9c7386a1,mother_jones,Left,31090217e51f928d3112592779ddf6417da089efdbf938ea1fae57a789a35f51,2026-08-26 14:23:02+00:00,test_ood,frozen_holdout_outlet
c0e0bb0ad1ce775accd77cf63be433a416cfb62f579e96e00f7069ef796d5f17,mother_jones,Left,00faecb2b08e22d87d52397de35baf2e5cb1efb4cbded5b69e9a2d3b8bc91705,2026-08-07 11:00:00+00:00,test_ood,frozen_holdout_outlet
c0e7dbda96a80e1d775c04c4b67b0badcec9128b9e446b97bc112db847158d0a,cs_monitor,Center,7c2ed838edb2440cc0b15443374db5156036d9bd01a58145a2ac87b04c575b42,2026-08-25 19:27:14+00:00,test_ood,frozen_holdout_outlet
c10e7b8147232bf4814c6997765d533ef50cf70e888d63ce1287762f56ba7377,the_dispatch,Lean Right,6b9f66608d36cd3b7460f7e3864c6b9f61563dce74408d4409e3f9cc656c31c4,2026-08-14 10:46:08+00:00,train,older_non_holdout_record
c13ac99f7fbdca1c5585e3b521a69c769f1567538238015827adb6b18506a30a,the_hill,Center,90cb369dc0181812e2222c92f22fdc415d3655cfd204a8da43bf1d8222e1a629,2026-08-26 11:00:00+00:00,train,older_non_holdout_record
c13b1a3998264e80b04e5845a7b47ec31ae75fc2c9b7d50e7bfd8991ddd88e1f,washington_examiner,Lean Right,373835fe6b96d3d748ddf41349051326a3d126c31355dd9b5f7a64a1f366d3f0,2026-08-26 09:00:00+00:00,test_ood,frozen_holdout_outlet
c1ba90da261ccceb27db5f4ae99c1049e1854327a8964c66bc169427c7e1680d,mother_jones,Left,aa2ed31f8a21c1db76b07d99e0e9b1e20a3e7d74a03090de9b93b76f2574599c,2026-08-20 15:44:39+00:00,test_ood,frozen_holdout_outlet
c1d41f4aaa106972249fd16c5871820ed0e7e625d08b449c2868ea666bef69b6,reason,Lean Right,d587b71f90f883bd63e6b688e5ee62dddef1da69621178f7606fa376b7a98d8e,2026-08-20 13:30:37+00:00,train,older_non_holdout_record
c1da01c709626bf8cfb07b3cfb617ee109f1265ea59bcc323b1fd10606448004,newsnation,Center,87c0e1d7aece84eb8059f410519a8e9f4eed9fe2e8acc7aa64cb9e5db94fee43,2026-08-21 11:55:42+00:00,train,older_non_holdout_record
c1fa13026abd465b50ff1a4f2b801c51529b3f8e8556cd12cac0fdadc994ce54,washington_examiner,Lean Right,6f68679d2b11de3c310887b2872d69a04826e49cc84ff85812290c98198b4403,2026-08-26 17:43:43+00:00,test_ood,frozen_holdout_outlet
c1fb1ef797aa1f432c8f98b9d83b88f3593eb6f73e6330a6e3c7d730450819b5,washington_examiner,Lean Right,201c82638ded07f3328a1fd0cbb3f4147bd46ce748cd2698154439eec3c1a29f,2026-08-25 21:40:44+00:00,test_ood,frozen_holdout_outlet
c259b341de73f77f3959a20be749e2c4522cbc330b99d7f9f64bd7857b44cae8,washington_examiner,Lean Right,15191ef59af88df1c4163b7be10487a710abf07f46ed74dae10fe28b068ce08e,2026-08-24 21:28:22+00:00,test_ood,frozen_holdout_outlet
c29e528e7d048c8dfeb163a7443e3716225320605d5c36623deea73c23388b55,reason,Lean Right,bc7e77c6c9056040d15b74ec00e3c70f01510748cc2f3d1b93e0290426975f7b,2026-08-18 22:45:17+00:00,train,older_non_holdout_record
c2a5b60634f7de34704b139ff075e4d252aae6b677ceae3dfad052e4c285b03c,newsmax,Right,65b956974d630f9bc0a53759a0216c261d58bc8a686f03eff5c2b3961e2a151d,2026-08-26 22:23:25+00:00,test_ood,frozen_holdout_outlet
c2b89abedaa40378f4df64606fc5b6c8fbce6c6f1458da96f1d1be47a4429830,cnn,Lean Left,acd578e7f95902e01c897b27624bd9fc7b12544772d84ceda6ba3a032add7594,2023-04-18 09:41:42+00:00,test_ood,frozen_holdout_outlet
c2beff2bc9f34383d2bfad9e8fcc5ca8c3b809e38452eec602338457a2dc771d,the_atlantic,Left,5b75390beeba7c961ceccbb3d08ae4ed34de23389a71797ed3a44e2cc8b38e1c,2026-07-12 11:00:00+00:00,train,older_non_holdout_record
c2cefa60b421772607ff936cd69827929324b2b6685fd1b78e86c1a3ce04b196,the_atlantic,Left,7621af164d23a1965db6c57109bff285fd3cadc3836cb8d3967601bef6dc2edc,2026-08-25 11:00:00+00:00,validation,newest_within_outlet
c3a7e677d8623807ae394494ec5c2739b64dc9cf0132980fafdc6a7910032823,washington_examiner,Lean Right,d39d30d363b01531a8cadf4bfcb524ad61e257ff363303ce90e0ad8ab8cbccdc,2026-08-26 10:00:00+00:00,test_ood,frozen_holdout_outlet
c4191cb002edeed25607d555f147e609132455b511033d0824dff315788c92de,reason,Lean Right,4e662d7e739d896bf499241f13bdd7cdba195e21e6dcac39a9e7b77a2d9ea4ec,2026-08-12 18:45:46+00:00,train,older_non_holdout_record
c41bb8cfeb1350e1e466e0162a8ce7629c09333e248bdc663232ddcdfe5a57d7,abc_news,Lean Left,da4f01e9d2ed37ceb7221f2551e060b7573e24ed5b9ea198d0dfe58d9ed30d0a,2026-08-27 09:06:20+00:00,validation,newest_within_outlet
c42141a4fda1ec05b70ba94e0c216def7146e7510cbdbf73cb5748c997d254cb,washington_examiner,Lean Right,57113928afe8b1afc56f25ba97d0846b2bd4c15eb620c95f58c61cbf43dbce88,2026-08-25 09:00:00+00:00,test_ood,frozen_holdout_outlet
c42d6c6e5005100e27972900fd0e049b7bddf38839ad04339c919e2e3a6a9678,the_atlantic,Left,06b96202d7a980475e1975486f52caa00e22e64b9789cb21a66e622db8835cde,2026-08-07 12:04:57+00:00,train,older_non_holdout_record
c42f58e2ce014190477fdb259a36dfb177cb5c12f183e3939d82159756106b86,fox_news,Right,6c6ed63556cfe0ad496e9b3eeb88aa8ea4f7af1d7cc16afd95e09a7aeb68e7fd,2026-08-26 18:40:49+00:00,train,older_non_holdout_record
c4535a47bb33f386cee33e985b5b41788bbb228069a92318e9849beea6321a1b,cs_monitor,Center,f25c330890eea5b8b4fd632eb7ca07a9094fe1db745c5f424394bdb789571d53,2026-08-21 19:28:08+00:00,test_ood,frozen_holdout_outlet
c46b3a545e6b0e6d1fcd89d80792af8499cb89b3eb0f2f51e3d900998c09ced2,reason,Lean Right,3e6486ac6fee13819a59a4143fc7aadf2653a12bb6123bd26b822695c9462f35,2026-08-12 16:35:40+00:00,train,older_non_holdout_record
c47509bac43d24f08714a3c8cd57a3203c1c135070b500f7c2803a0adb3b328c,the_hill,Center,02cd3f67ebd3892fc17db4cc2fae6a0c3930384f8eea902a206463fdaace4d83,2026-08-26 17:30:00+00:00,train,older_non_holdout_record
c4ad42da0a1fb8cf77f64ac609d592cf3e44a97d406a1fc203f4486ddc3131d6,newsnation,Center,eb1b72722d7a0aceaa5f5ded2f30012dadca623ce77fec75fb314b86154e2fa5,2026-08-24 12:09:05+00:00,train,older_non_holdout_record
c4ce964a778ee35281da4f4dfa8fa9b4b149b48bf810c8372507ea7bf03c7b89,mother_jones,Left,ab0cc5e21b2e10235e859e277ac730be3809eac9715611ff36a27d74c31a72c7,2026-08-11 11:30:00+00:00,test_ood,frozen_holdout_outlet
c588779a5dc4495f8ba7142a0c2586d4c46b5f9ca7a0569c9ad8c2b5a529dc67,washington_examiner,Lean Right,09795271a038a4d3e649a126a6c43afa2aa2d2458ec0d1756340c2f1eb75a1d5,2026-08-25 12:17:09+00:00,test_ood,frozen_holdout_outlet
c5ed10df6abf6690f0ebf3a7bae1d3e7f61665e08fef2b5471c982fcc770d750,mother_jones,Left,bccc972e76db552bcee379d135241f312868db60de026ed1387921d6f93793e8,2026-08-12 17:33:03+00:00,test_ood,frozen_holdout_outlet
c62a12c63318f67cb6bfd80559357d0bd606011cda8956b6f51761a1aec0fd30,abc_news,Lean Left,8398466132c471c67b295cc11529ceb8e09037ea729245f7e4da1ffdda0a8e10,2026-08-20 06:37:01+00:00,train,older_non_holdout_record
c651fa74e0fc27fb544f4a238a44a1908dc2e1fb9eead38867f54fd9714f8e3c,the_hill,Center,3e86e7c91d0a051ad583cdecfe47a50ca7215654d5cb9d0adbe072f1622c681c,2026-08-26 15:23:13+00:00,train,older_non_holdout_record
c655eb7a4a869e79f6bed37bdeda0633612f2dfbcf5671cc98585e71f5829423,abc_news,Lean Left,c5d6943ab9d88ff96091def4cd5b6facdd76d0e88829c9c8e28429c732989026,2026-08-20 02:26:16+00:00,train,older_non_holdout_record
c66778957bdd1944581fb8bb5165f6be54725745b38721857b6949ae1d77b149,washington_examiner,Lean Right,3c0c824d0604060043bdf679475d782f761ab3b51a453efb4f9c00abeb8054df,2026-08-24 15:45:00+00:00,test_ood,frozen_holdout_outlet
c6bbdf435964a60263b5db7675c78a97de88da68624fe1c0b1813cc65c7525b8,cs_monitor,Center,0357bf19d6ddd29e1487ab505c828fa97f52a8e76f0517f221cdd7f09d6561f8,2026-08-18 19:27:42+00:00,test_ood,frozen_holdout_outlet
c700a953f6ffe3bd37c13138d179c29201695cce2c9f9abdee55abbe54fe9178,washington_examiner,Lean Right,e4c69b6e7bb396783515564fb954630f2bfd4faf42f8b42e34771029057476fa,2026-08-25 21:21:30+00:00,test_ood,frozen_holdout_outlet
c72ace81a908fad9fdd17533f450f6de20efb1ff0539ad57d3a098988ae3a957,fox_news,Right,ec185d119318a0f2843ec4627db1a00f39233badaadf5335a498a0e78dfd941a,2026-08-26 19:00:10+00:00,train,older_non_holdout_record
c767f2d9c33e20ea4ba6ffc7bfe7b81804f536fad83f21eb4147cc19f9756108,mother_jones,Left,ab991c285dace42d9abf6b0d0d7eb58db2d0b8b0f5b77eee7d408ef3505b4e47,2026-07-22 10:01:00+00:00,test_ood,frozen_holdout_outlet
c7e6236b6e8d44f427d462ba35acb3e728d6269c9c6d3653dcef9bc371bf2c22,washington_examiner,Lean Right,31b243dd8162d77efb040fcce35d672e77f1bb1479c51509c5e08f6afe0834f3,2026-08-24 09:00:00+00:00,test_ood,frozen_holdout_outlet
c84f407499713cdd1f47d9b506adae471afcb67bbd034d92f3e09236acdef42d,washington_examiner,Lean Right,da1bc0e0c0a90a97871443f9af2f835851802d4b84d7e067e7d2be50faaa3a2b,2026-08-26 14:18:00+00:00,test_ood,frozen_holdout_outlet
c8965528da35c26d5555a950361b94e67c9e0e3ca38093026a93c4486e10c6e9,abc_news,Lean Left,ecc1bba5955b4ba2fb3d4308c9c01df03952118adec6fe030b92e8b23596f089,2026-08-27 07:02:41+00:00,validation,newest_within_outlet
c8c21ba6916d047cd8638d5bbaef918f38ae5a465f4bbaf47aa68f019e00f9d8,fox_news,Right,906767ab476a86789f886726dfe4ac02fd5cd59d86434b1f3a94c73c2767cbe5,2026-08-27 09:00:49+00:00,validation,newest_within_outlet
c8e39bce3e91626485696a0bf19f6c911b6866c19177847ee0e285f375b9bae8,mother_jones,Left,b3975049d27e7c7ec479221320afbaf79a88d15509c5434d35a5b57ed43433f5,2026-08-08 18:31:17+00:00,test_ood,frozen_holdout_outlet
c8e671737a27bec223168da32b81d5edc0ee0732dac17cca045e82c9a8cb8f82,washington_examiner,Lean Right,87420efdeb8e8691f147ad2b2dfded4337e6a802d257be5e9a577c526874bc75,2026-08-26 17:03:50+00:00,test_ood,frozen_holdout_outlet
c98eebf818f5ccf47873679987ededbcdfadfddbd8d2d2079bc69976b4a30354,breitbart,Right,54dde9bd3801f11732ec1bb8ed57a576fabf403e76afd8900eb2e8b30be20961,2026-08-26 22:01:34+00:00,train,older_non_holdout_record
c9bf7dac108151e43ed70243d99ef29f3c28dde916a34d4802e539f7c8678f90,reason,Lean Right,48320adada124ca628e6ff234ccec8821d68618fa0cf5f01dddb31c97841bd03,2026-08-18 16:00:17+00:00,train,older_non_holdout_record
ca0c8a0f03fe469f78f3aa183af670ac3a299bbdbdda82d57979256131638970,newsmax,Right,8d96c2a23dfb1aa63f29f655016f16941d2d12116d828fdd301943ca1fb36007,2026-08-27 02:34:35+00:00,test_ood,frozen_holdout_outlet
ca11b60cb46eddc1e6f2908479e75b2e0c1a2aef86374cb9ca276297fd598766,the_atlantic,Left,865a974d5f2e216ae59e6bcabec73fb1426359a4c3f404bff2a58dfc1af35570,2026-08-18 10:00:00+00:00,train,older_non_holdout_record
ca18669ae0bea5adb3e509044d198604d620b8d3e2ef4ca7aec23f57679ef21b,abc_news,Lean Left,264d61d8a0923dfcf84678a80eef38de4aae90beba9e233fd68422a6c5a4a3fb,2026-08-26 15:13:28+00:00,validation,newest_within_outlet
ca5ef1c33c43016006bcda0104b1667e5df10179d88d2f72301a063ea4a4a008,newsnation,Center,751a920d7e720c42283c2b16bfa585ae119f79fdeb94349780822f42fe1c3311,2026-08-24 23:29:09+00:00,train,older_non_holdout_record
ca7351fcc4b3600286fa4a5586dda1655e980734b76a4481ac34e18622e7e211,washington_examiner,Lean Right,0dde51a8ed21360e166a898d18d8cc971cb098abc3564b8313e7af3c53b30e3b,2026-08-22 18:00:00+00:00,test_ood,frozen_holdout_outlet
cac3501307dd3acf2dca856f431a80d706a79ffd7942c64121a0e4bf61be52ac,mediaite,Lean Left,239a4d7649d2ab6fb1124fe99def85b85d7abeef0897fbfdd505c0f8997e6988,2026-08-21 21:34:04+00:00,train,older_non_holdout_record
cb3156a619cf5c184e83b0b9a8ec0e4b4ab9c3721c7fe73c1a924ee00ad5a647,washington_examiner,Lean Right,2806371420543c625eb6224bd204db5bb4eb1ee626abfc5a71400fe04a86c326,2026-08-22 11:00:00+00:00,test_ood,frozen_holdout_outlet
cba27b68327e6ba3279458f60a5a5444b6f608644f418a93ee59a71dd2412f23,mother_jones,Left,8e6b323b2a770328aa45e298382026b054b662485775d8a141aca7172f11649a,2026-07-23 11:30:00+00:00,test_ood,frozen_holdout_outlet
cba3e353ec27593eded857e9f2a30c058adf6ff4ae243c0956d7238a18c0e50d,reason,Lean Right,308994f8605994d7aaf8d9450c974485b4f17a0ac24ad7bb327c3d944cd2ef4f,2026-08-11 14:45:24+00:00,train,older_non_holdout_record
cbb68f6fe8b5ac04bdbde05b2ff097a7454baa00952b0d0fb06d21add35284e9,reason,Lean Right,4e3d0f4ba57db7dd039aa4449c472b51d3f2092592c124b3ed2b29a14aad1572,2026-08-12 19:16:44+00:00,train,older_non_holdout_record
cbbb875a5f01f0d0db84a08a68578f2523acc77a341ce9e6075807cc23687521,mother_jones,Left,9dcb9c2ada462548cf49302e8484185c3df171653b2d33e934896581ff621e81,2026-08-14 23:17:33+00:00,test_ood,frozen_holdout_outlet
cc569933717824578f5662ddc8d0923d7837852d6d869fa6c4a787c873754829,newsnation,Center,7349b5910abf85988b50207138d27431c445e7d9d9af79bda3b0e89014bf0935,2026-08-25 18:35:01+00:00,train,older_non_holdout_record
cc6ecca49d0460e6596bac02d65f92f73d29fedb604b4a83a412ee4b4d8d5178,mediaite,Lean Left,1ce9cd6361b4f6b0983e2921514a3b48b4501f1ef4dd1eb39bb0b8b9e2b52007,2026-08-26 19:48:36+00:00,train,older_non_holdout_record
cc76d9d1b6adfb549a0250700f4538f82d0155e1ec18730d2fe307165fd55ac4,washington_examiner,Lean Right,1869e2269731a6391d24e62a7940804a7f62336deab5281c44fd64826e51f64d,2026-08-24 23:50:26+00:00,test_ood,frozen_holdout_outlet
cccf4fa1fbae2b2564808f4704e21e9947b6c829481c319a86990310481171ae,newsnation,Center,fe328f106f01678c9ccb4cb5fefc42c2950ae67faca3574a36244cae4a9b9aeb,2026-08-25 16:28:56+00:00,train,older_non_holdout_record
ccf06984f101d3fedc4ec5faac30850ba5154f82722e74513ae08bb814364123,newsmax,Right,d14c0273e783100594c5432a363df368efaee88af41899a63eac1060745d2a87,2026-08-27 00:10:15+00:00,test_ood,frozen_holdout_outlet
ccf11eef5a5061fb9b5ae00a087761c7cf693c44dba20c27333a7c1096382cc8,mediaite,Lean Left,3d26b30fd3aa354a56def1f03d4ef0e49465aca517459f227bd62fd5dd40796b,2026-08-23 20:22:49+00:00,train,older_non_holdout_record
cd18ef7e784ee428e206a69ead79f9fee84ad202dcd265a22beb6e2aa3768840,daily_wire,Right,a9cad4103e8b3e06c5a699a00bdbc9ccdf9f21302046617cebc116ae8f7cef8f,2026-08-26 10:54:37+00:00,train,older_non_holdout_record
cd40c0e10bf970384ec06ceabff5f715e8876debc9e3d0d2d433916d293e5e61,washington_examiner,Lean Right,8dcc8bcf36e4bdbfbe86fd6b9ac484db0a7cba2feea95c278ed2bf0dd226d937,2026-08-26 11:00:00+00:00,test_ood,frozen_holdout_outlet
cd683669165a74f0a8c6a4da5eb584f1ddd4361172c914d82577a9bcbeccd132,the_atlantic,Left,6f3ccc4232156bb085f2c7eb73e9f415d1c66434907f9709309cbbd961a4e6b6,2026-08-26 17:00:00+00:00,validation,newest_within_outlet
cd7cafe363351140508d0752660afa60e3f9a34795c479b0d11fa4e1ce89dcc9,abc_news,Lean Left,f1184b01ef75241880b088270ebf0605257780534d893c98e44c47afa4d3daa0,2026-08-27 02:38:07+00:00,validation,newest_within_outlet
cdeccf74b76753007749aade9467b482991e57fe9372353fc4e27adf1c357737,mother_jones,Left,bac8321655c955d3d0afc618d103ffbe758fe1acae9faf8d7ff0e91818823dad,2026-08-15 14:22:45+00:00,test_ood,frozen_holdout_outlet
ce01c3682e23de9bcd571d351f3579554d19bfdafadc28108d5b59e97f8af942,reason,Lean Right,493450b7e0cad1510ac11f0effc9f980253a5fb654c11e2fe3fedbf143852a3b,2026-08-26 04:00:56+00:00,validation,newest_within_outlet
ce1ab304afa3234c9ab1f46b26d8103ce60ff815e53fc14e5c110c751f1d0a71,nbc_news,Lean Left,0f1d5455bebc723fbf2d727b54f33e1de0d8a817dcde29a05ad30ee9157d831d,2026-08-25 12:20:12+00:00,train,older_non_holdout_record
ce631ca1623e0a88235d90f9f782ed383f5df353f3fa51d9d27954ce56a4b48c,mediaite,Lean Left,b25dfd8a1a3e9e7e2831893217f7c72ff8c59f17dd7047123f9b3b86404b5115,2026-08-25 15:15:42+00:00,train,older_non_holdout_record
ce92486e3096ddd865d801caa33f9918b61b441c58c46cad7ed7838ae1370aca,mother_jones,Left,17aeccefdd10bdefcef8eead2d7b71a5b51163e189c4146eb8ded61443082d01,2026-08-13 22:23:12+00:00,test_ood,frozen_holdout_outlet
cf289679ff70bba424bf6e26fb19a2f9168425271bae9db6068965446139f700,the_hill,Center,40a7eb3bd424d2fe5b2017cfe76cfa7c67b7e73b03701a4bae550bd0b8a604fd,2026-08-26 02:58:47+00:00,train,older_non_holdout_record
cf3fcb1b3c8ec93aca04fb57f245e2d370929c4f469062dd0446fd9a5e0d396a,abc_news,Lean Left,7efed7090263191386e5dbe736b195bbd94fa4a17c88b1ff5a56cdc83eaf85ce,2026-08-25 12:58:21+00:00,train,older_non_holdout_record
cff0eb096f86cbbe7380bbf0040ddfb8fc970fe2830c38f17d26fbc89ae88236,washington_examiner,Lean Right,1f086a565f40ea6fe0b7cf9106fb9ecedfa7e938d802177b3908c6a249cdf879,2026-08-25 18:00:00+00:00,test_ood,frozen_holdout_outlet
d00d951095ca1b4c02462913afa1645a7cc8e3616bfb743ea47c4647feecc0b3,washington_examiner,Lean Right,2d0e4fc13568aea31dede972dcd50265f63992f940d78a2185aaf62d4dcca7d9,2026-08-24 17:45:23+00:00,test_ood,frozen_holdout_outlet
d0da3fc2bf1c2761ff473e57230c7b829189b07a8390184e4c0b04f87bdfbe55,the_hill,Center,9a2bc73e0ac2ec9d43382348df6cb96c00a5b348e5af24d839d9d98b7c607203,2026-08-26 16:59:07+00:00,validation,exact_hash_grouped_with_validation
d1bbe0290e4fce4ed24bbf951dde3502f3b625d5263b8d8c7303fe7ce9d9ac05,daily_wire,Right,7c11743dbc23e8626e70266b62b42c2552c1dd46d8b4c295dab799f79fd57418,2026-08-26 13:13:59+00:00,train,older_non_holdout_record
d1e0862b974f0d7512e923bb9a25c675ca9904912aba893745fee8637643d283,the_hill,Center,8932b8645f995a76347e1179153fe3663b23a13f708554f31f2c1b12fee2e863,2026-08-27 03:16:41+00:00,validation,newest_within_outlet
d25b9a2f9781d286f584025da03464a3023d2fa44b6a91800e84620abbaffc97,mother_jones,Left,2f7bf55da36afefffc8cd5e04d3cc89dc23b7bc3f420fd073b9644f66c791d20,2026-08-01 18:04:54+00:00,test_ood,frozen_holdout_outlet
d29c393186019492d1d4f092b5a4611d3fbc612cf1398dabb789cc1262fad764,the_hill,Center,d00646e3fc9e1dedbbf043dabb35c7c0a03c144fb99b58eb1d42a60934bfacad,2026-08-26 13:08:13+00:00,train,older_non_holdout_record
d2a6d19d0c25bd7a4d7a317c891c821d21ec65015e6f8a961d22f9aaf4a2813f,mother_jones,Left,b1a07cb6a4f570c5fc4ed07fce39b75b63a260e09900c7ce27fc685adff8df62,2026-07-23 11:30:00+00:00,test_ood,frozen_holdout_outlet
d2cea84ec6b4b2a19334e2d690006bb06f6c0b0b4e8674d160523ae4f1c13e7c,reason,Lean Right,0fda06777aa7f01b20cd1205f2977f382fea326f370baa8cd0873a7c866c960c,2026-08-14 08:00:08+00:00,train,older_non_holdout_record
d302db33b8bf9fbe4315d0c6a89474050b79ad899d2f56c81adcf7f8b8d811c1,the_atlantic,Left,be61fafcd536d7b9e1f863ab6f4552b3ff2db7f154a56f6eb22f06326771b542,2026-08-10 10:00:00+00:00,train,older_non_holdout_record
d30dae0cdd3061e0f221dd5ec8b1292d14f41e499079846b7ab5fc6bb2a020d7,newsnation,Center,9f95448a0a869700496524dc91d5434657690cee65a9b58f132772166386a900,2026-08-24 14:09:44+00:00,train,older_non_holdout_record
d404dccade75e51ef52d2197bb90d6e448da32964722fdf680b96b992333d460,washington_examiner,Lean Right,d281bcef22c9be2253431a217a0cf2608fa213374cabbf0051b2adbaa164c81e,2026-08-26 09:34:20+00:00,test_ood,frozen_holdout_outlet
d410eaf26343c8eb73e11a7aeed848d909259cbd7ac2839ae45984d6b363d16d,reason,Lean Right,ad8266d1e3eedf24559ed04aeec58a8c1c3157f43e6023daf731cc7759d16b34,2026-08-12 16:25:43+00:00,train,older_non_holdout_record
d439ef6fd34a2618aa38bbc6430b126bb1583e23c22eae5ef9fb1ddd3b1e6acc,washington_examiner,Lean Right,41ffb15e1312bccbfa9552f2219a9c802566997238e21bf997632726b427eb7b,2026-08-22 13:15:48+00:00,test_ood,frozen_holdout_outlet
d45535a4a47f7d06dd9f885164daf74be312b997603f9a6667065545c28ae741,abc_news,Lean Left,b437eba9974eb56b36538a7ddd6e1c1d1f1177ed4f00bcd465159b93aa408b16,2026-08-27 01:22:16+00:00,validation,newest_within_outlet
d492c5bb706f513047f28198542c0e2f51879e8ddc52149f07d474e2462ede24,breitbart,Right,92c764023225d07963e7d05a2ad79ae7fec8c5492f7744fc3feabcf0c793c5d5,2026-08-26 22:08:35+00:00,train,older_non_holdout_record
d4bd36b7c765a891fa32682202b906b8f9e8a805be60118a18a7209a69254e5d,fox_news,Right,872e028ef4e0e64d4f770fb8f2761032c31c44932af20d78200af2ed9286dc34,2026-08-26 09:00:19+00:00,train,older_non_holdout_record
d4d1897783cf2ec7e2446a8a79311ad868728aae9630669b2b67a01207cba1f2,nbc_news,Lean Left,856fea62b9cc416a5437c50aa376b6ff31a2cd23ffe56e45377dfeea2bcf02f9,2026-08-26 01:42:18+00:00,train,older_non_holdout_record
d52f6cfb6771085802c1c46eac4c7703e62657f07bac49015b20973dcdd4ebe2,mother_jones,Left,c381fe9e4edd27febbfc7ff32e51869ff5b673a67da05b246a1afb276d5396f9,2026-07-25 17:12:11+00:00,test_ood,frozen_holdout_outlet
d56592ac3ba2b59cff8d0b85400b4b626d0707fef342d41f18e4e890a42d4f7e,washington_examiner,Lean Right,6fb2af7be38d852f712f1d69ce6339c1df40f05b9cb782e8c5c4d14d516deafe,2026-08-22 14:56:21+00:00,test_ood,frozen_holdout_outlet
d597ad50becbb340892a34163af35e7eabd63eabd3da33f7deeffc53e392ab63,cs_monitor,Center,7ea33cc24df723ddb1f5e28487fe6a2f90a00d61bdf363b33f7051588e0dd2e1,2026-08-24 21:01:57+00:00,test_ood,frozen_holdout_outlet
d5a127b388389d8f36241f7c51f0438db464a7d270f352749e96d583731d5533,fox_news,Right,cc5bc06c86c2cbb73b3c6edf9e82c326d02351dc58a6bedc6c906bf4f5281f50,2026-08-26 14:33:26+00:00,train,older_non_holdout_record
d5ea5d4154761891d603dbc53f1dc7cd88d98c598e9c3f9ce01e0295112c1dd6,cnn,Lean Left,4242df8723282ff0d68d0386cc848251c625f44b31fbcb055e919a8eb5d7d9a8,2023-04-18 16:35:37+00:00,test_ood,frozen_holdout_outlet
d6ca5e8f3b6b7c4ea5fd4bbcce15dbb7e118ae8f34242e40a11700a233cb1552,newsmax,Right,8d96c2a23dfb1aa63f29f655016f16941d2d12116d828fdd301943ca1fb36007,2026-08-27 02:34:35+00:00,test_ood,frozen_holdout_outlet
d6ed890b1ef4b59f62c80f1823708e3afb91b6578ae33714354fdc8e496426ba,reason,Lean Right,c74bfa3f3f7cc8ddb193c0dbe721d2b0706c55b4457b2d9569f1a69112519dce,2026-08-25 14:09:18+00:00,validation,newest_within_outlet
d729e088a0146cdaa2f13243a7cf93365569df4b9bde86ab579d67af4bb5af7c,the_atlantic,Left,3740df056eb517c3f7eedeb367ae2764fb1491e8af4274d232fb951994866757,2026-08-22 15:25:00+00:00,train,older_non_holdout_record
d7ad594e4f0d1aaba14b8d368fe660167dbda36bf26689e40c078b3334a293ec,mother_jones,Left,3c9f2a3826d2c250442ad6c64f582a1ded2c6606d17d77d9232272d73cbc9ba2,2026-08-05 10:01:00+00:00,test_ood,frozen_holdout_outlet
d7dd0c8bfefe19cf6298af2c92cc00d2351e91748c50dcc0e115c641f73e65ad,washington_examiner,Lean Right,e77d0b3e2e8fc2851cf2ab9d0cb8db0369144adaf614af6cb6222bac85862e03,2026-08-25 18:46:31+00:00,test_ood,frozen_holdout_outlet
d83ba80c9a655433535287513d1d367fa9b24381a5e2edd499ebe08186adf61b,the_atlantic,Left,2b66dd3cd7787f090e527f4c71fc5a4033e352ad05367b56842757cfb318258f,2026-08-26 22:06:00+00:00,validation,newest_within_outlet
d89b3af9f5ee4c0c648e8749dd740098f2781b3e1ea3ade4de2c547ab0594d90,newsmax,Right,d4f55e122b05cfde641b76127098392dd3825a591b647f2bd41c2b783722bb06,2026-08-26 22:45:46+00:00,test_ood,frozen_holdout_outlet
d8b69dadc89edd3bb93fd2aadb23dd8ad2a6ce2ae5f2207c237427a453ddd19c,mediaite,Lean Left,249eac5fd01b54653a2979fe04aac90225eef391866321676c67427be6ba43dc,2026-08-26 16:31:53+00:00,train,older_non_holdout_record
d8dc4404dfce72855ebc630edb1fbefd4814074693bf2db54774374a99f1d1e3,mother_jones,Left,1b43d4b9e2a233d6abfbbdba0e05a18c436ae4314f91752dabe5b4a990f68262,2026-08-07 18:02:26+00:00,test_ood,frozen_holdout_outlet
d94bec1e1d69aa3b2caa7332332d600e7cff831c6c1556da1967c8251e4cbf74,abc_news,Lean Left,c2cff57bb0fd56daf47634e5a6e25c1e9765ce6348577f6c13a62c9dcefbc8c7,2026-08-26 12:10:22+00:00,train,older_non_holdout_record
d9619019c3ffce52a878b315857883e01bdf5433b8087551e6e51ab5d9946e45,washington_examiner,Lean Right,74a635ea7b199d2d29f22955c6ed79c210bef626da4b08a6516a027a4cad8d82,2026-08-26 13:09:26+00:00,test_ood,frozen_holdout_outlet
d9b999431f3018d825c69f36cb63988a15fbc3b3c70367a3c90826afbfb7a2f9,mediaite,Lean Left,b482423f6eafcc0a47de0c9fe5e6c13716afcdbfa28b872883d67e9d6e6d7cc8,2026-08-24 16:24:20+00:00,train,older_non_holdout_record
da1a4875950bf428b7ad9356348c176b83aade93a809b9de2a7e5281f720b181,mediaite,Lean Left,a0c31fb793b6d2b5ac68cc02ca6e822884eb8cfc65824e815eeeb22ecbab8fe9,2026-08-25 23:56:56+00:00,train,older_non_holdout_record
da325d9a01e80dfa609982010d736f972ae3a6a2edbafb2307a3a5ec0ed6e4b2,washington_examiner,Lean Right,eb9fa23123e944b99fa1847bea9979d416afd6ee554b7b157fb2b404ceaaed41,2026-08-25 11:00:00+00:00,test_ood,frozen_holdout_outlet
dab79cba905701ff40aa7436e85f4816e5f684bead98c1100821b838093cc515,the_hill,Center,6040c1c989e662a3fed1c9477bc1e026639dc2c4691135e000ec365c9feb2a6b,2026-08-26 03:01:03+00:00,train,older_non_holdout_record
dabcb2721db798a76a3f3334c3a447fc21c50c9f5128e6f5d7a5b157c77eddb7,mother_jones,Left,6a2ee3c40a2898e7a9b5a5a43bdadfbc37fdc22bd0c18dffefc4b7696893b278,2026-08-02 16:23:03+00:00,test_ood,frozen_holdout_outlet
daf05d7b49de87924303549793a7fc62a7ed09f964c8c08b56094bde648ecfda,reason,Lean Right,d22851161d09766dd92b3f3d452f2cc16d5d5e446d65d0a3d536b5226ece8a3e,2026-08-20 17:41:39+00:00,train,older_non_holdout_record
db171fbe77e4f59762b631996ad581f19def914f87768086850c63dc0ac9f344,mother_jones,Left,e66a36f22084d15aa1dc6ba1808c7a43ad5bb05056ad8aed33936c841cf1c418,2026-08-17 11:30:00+00:00,test_ood,frozen_holdout_outlet
db5362f3c9d2b0c3eedc6cf82e39fddeacea74f56da0c0f092529e5dfc8b8457,mediaite,Lean Left,d691465f42008fd919c0aa56582622c493237d08d29580a1530ecabb9b6ffb9c,2026-08-26 18:23:38+00:00,train,older_non_holdout_record
dc0a175fc29740ebc649d7378b20fb84e85191cfe4b2c85394bf4cf6ae0e3785,the_hill,Center,682c66b1a0c0517e58bf0352d07419b74bb534191c24a76978c80f1f606a8bc9,2026-08-26 14:32:48+00:00,train,older_non_holdout_record
dc8c6c7fcedbbc8a39a6c7e12f6f57c6122c357cb6ffeede80043b2748ac006b,washington_examiner,Lean Right,d34b86370cbd80e6a0e50edca8dfc59303ce372a7f34982afd5ec1aecb3e54a7,2026-08-24 12:00:00+00:00,test_ood,frozen_holdout_outlet
dd2d632b2acbea5f3c9591dcbf7a1223f6f68c8024e95cbd841d4ee8eb570086,washington_examiner,Lean Right,9f7084ab6dda0e9c6ef953b7fff3a1f1d888e190dd4fbced3be6fbd4495161e2,2026-08-23 11:00:00+00:00,test_ood,frozen_holdout_outlet
dd54d9e6c92dcc042172f9cef1db9498882c0f2ec6687f66cd97259b2310c374,fox_news,Right,01463a9d01a117ead339740ff5906ee0cd5815ded54ff19cd00401ea96043997,2026-08-27 09:00:50+00:00,validation,newest_within_outlet
dd7135a04dd6614c50695fc90d0b501fa125845007dfd64b536cdb35aa9aba30,daily_wire,Right,d2689fbb6deb334635c32b9b47cd049fa61b0a48068c9ee78fe360627ca8ded5,2026-08-26 04:00:29+00:00,train,older_non_holdout_record
ddf837a1c37c53b7165e1ea8c77bd45f81fb30796388d90dfe5337bf4356a319,cnn,Lean Left,b6dc363ecee4bd3ae8fbedecd52cbe41db5fb20bea0f13b7bca6e30adddca306,2024-06-11 22:41:57+00:00,test_ood,frozen_holdout_outlet
de2dcbfec1c2e6936862f52fe24e6a8d4f93f1077de6fa9d857868347dcf4b91,washington_examiner,Lean Right,771a6c8c22cf50784d371cbe2cf5282577189975f556654047b290c88b9bb78c,2026-08-25 17:40:03+00:00,test_ood,frozen_holdout_outlet
de409986202ec05f9059974adf23a228c3c2088c3bbad1d84b1f32b40547d2aa,abc_news,Lean Left,f8a7c052ff621eeee5a691119f7e8c185e1f14443c18991fb210e80964d8181a,2026-08-24 18:43:39+00:00,train,older_non_holdout_record
deb1088ec9613326fae4f2e2ceb41aca4ef0ea692c84983b835941e393a8e8ee,washington_examiner,Lean Right,648da422734d9d134535fc8f6d23da0aac5a4cea311ec68bbe7e92e8bd4a7d81,2026-08-25 17:48:25+00:00,test_ood,frozen_holdout_outlet
dfd38f37481b0cab362423b3d68e7d8fd174743c0b01b0391f00c79b2a32ed0f,the_atlantic,Left,679f092623acc3b63f8706c60baf8fd70bdc62cdb3d1a97ea273c16aaaf166d5,2026-08-14 12:00:00+00:00,train,older_non_holdout_record
e041fd622f1d4479ea66507ceb2a6d80cc9c2b4fb6bd8982edd0108cf7f5c0ff,fox_news,Right,888cec7664316d5455404abd5072fe8860c7d23746801fe3f0a9e880e81db3f3,2026-08-26 19:44:53+00:00,train,older_non_holdout_record
e0572ad01910f9eafface54d89728a5a8d6a797fe41d641cd5e34fcd6159ac55,the_hill,Center,bda065b81d6d925ac18beb5db04a6401e9a7b5008be0427684d403dcfcdebe00,2026-08-26 19:45:37+00:00,validation,exact_hash_grouped_with_validation
e05ded984da948c8b8ec127fdbe4b8bb83291fe3993ec41d9f0018f266b51654,newsnation,Center,cfb99044388d2c6ae059f49651e85368966d2702dc2bbc5f6e4c49e5cd05bafa,2026-08-27 02:24:49+00:00,validation,newest_within_outlet
e05e29e78f5344722074dbbcb5776aa0bff28d7b6d254d1ee374256559d02436,the_atlantic,Left,5ee4bef2dea692e9b5f4e1fd4940549db48333c45f50d93a2e43767d06af3d8b,2026-08-25 16:59:39+00:00,validation,newest_within_outlet
e0eae52ab140648a8a29c4cccfe58c6b5a824ff4e56c8eb45bbc2c99e6ad5451,newsmax,Right,08320abd6133a6c8d5f78d9cdec6dae553e3b22226c1c6c7777c6d9f34209d94,2026-08-27 01:35:32+00:00,test_ood,frozen_holdout_outlet
e10f4d96f442bdd5dcfeb037d58782450c0d944ef554cf8fc32f3cb0ed9d10f2,reason,Lean Right,1f9e288b379d94488d20f15bc3e214fe55632804f40739015517e98873d6d958,2026-08-25 13:45:50+00:00,validation,newest_within_outlet
e1e4e836cf8babe41695281d58756b2f228c30d5d798d51520f8b9bb9d942322,cs_monitor,Center,a272acbaf38f1e4b16a15643fc1b04ca4c7ec7de401eb571733c24946e131a47,2026-08-20 09:00:09+00:00,test_ood,frozen_holdout_outlet
e1fe82333a0892104b6da8edd139f151a80b911e278f21df5698039cd7a8d17d,mother_jones,Left,d12699a8aa70b92c3a392ecfdb2fd1fc21d53688987d9148ab82fa20ccc0932f,2026-08-13 11:30:00+00:00,test_ood,frozen_holdout_outlet
e20d80f8c8e908adb11214c538a9257814f297c5a40d004e2bdc3e0c466f59ce,the_hill,Center,f7043fe9cae202a910daa0a066bc997ac1161c88fbd106003c7dcfc39efbbae4,2026-08-26 17:50:34+00:00,train,older_non_holdout_record
e23d8d0633cd653064a0f86a3b178c85bc1e4ba175689ab67beb772e3e9d5dcb,nbc_news,Lean Left,f77139cda210e70a5da52732b25161a780134a04945751f0e28d6d5a6ea4b01e,2026-08-26 00:01:06+00:00,train,older_non_holdout_record
e2b2fba9c43026262d4e5354644a98eb31e457257c47424c91b625ca0bd31947,breitbart,Right,9fb13590b6b56c4bdc2e91c1f1c335d57242fc79ed8e91549f0b8f3f6fee0bec,2026-08-27 00:57:27+00:00,validation,newest_within_outlet
e2f84c51fd7bd8ef77c6c59f2a714ffb8edf12c2480f63935772bcb808fd5e86,newsmax,Right,ab764f4bd4e1c1cfd29d030d62860af66e363bcc75829ca7ad8d6681d3000bb2,2026-08-26 21:12:45+00:00,test_ood,frozen_holdout_outlet
e37be05ac3810ea67e1fe73fe95794cec5c1aba00569eba666334e7427f9f76c,washington_examiner,Lean Right,a32f41f663bd30b849089828899f0787edaba159de9a30b3b27ca470ca402210,2026-08-27 02:24:36+00:00,test_ood,frozen_holdout_outlet
e39098e9efe27b043795bd40484cd5899adc17ade658e63e711f88d784b7a92a,reason,Lean Right,1f8817aa1a4ead4b5c1d310d93a11072cd5ecbe7ae3c777f67f02e095001d83c,2026-08-26 11:00:07+00:00,validation,newest_within_outlet
e3a5d044afd4564dd7cc80612b7d25a34d12718d029290cc2c3cd492e9e4fd91,washington_examiner,Lean Right,953662facc880d80b7023bde9e24ee527037c01f0f84f451a31aeb3b510415f8,2026-08-25 14:52:00+00:00,test_ood,frozen_holdout_outlet
e3b5c9ae6330ba70fc95c346bc265039407236cea542ab14174bc7f9a1932092,washington_examiner,Lean Right,294ae8fe1d3c2f78553dd9f47dd12cb9bd1363a910ac70f99feab539ed9ed147,2026-08-25 16:03:12+00:00,test_ood,frozen_holdout_outlet
e3ba924369c35356a89ae87f5a50a86e8edc649bb41ed52f7010b76d9b068e90,reason,Lean Right,458fbdfaa1f8e0f92cb50ac3e14cac5f6e681db3155b2100ad304ac57ec0de75,2026-08-26 20:27:39+00:00,validation,newest_within_outlet
e3d496b8d4593091551e62b21b151be49e5983846c49a6889ad72ec5e4626ad2,the_hill,Center,fbd2e10190961ca7eaa3dadb73e2846b13ce3c16a9644dd0b1cdd46c770028a7,2026-08-26 16:16:57+00:00,train,older_non_holdout_record
e3dacddc59937ff9b4b59677eece55e727af9d56014ebc3980a4089317428711,cnn,Lean Left,1c0ef74223864c7917f30fba9b3bf46b3db1a111a61a3665b1013ea44376fbfd,2023-04-18 17:37:57+00:00,test_ood,frozen_holdout_outlet
e422ed6f80c13e4b0ecaee5d160b91539276f6aa2c1c4ce171768db96bebbf25,breitbart,Right,b0006fb03e358d9148f27af9c3f1647e914058ce2ea1e80051d9bf0d0259d549,2026-08-27 03:04:55+00:00,validation,newest_within_outlet
e43a7b4a6dea98dc514d5979b83fc918bf26a6107dac797870a5e35a860effa0,newsnation,Center,d00646e3fc9e1dedbbf043dabb35c7c0a03c144fb99b58eb1d42a60934bfacad,2026-08-26 14:59:42+00:00,train,older_non_holdout_record
e4573cb06ef3bb5a207c15fce328147ede2f19d29d6129180a39289b5ae24187,the_atlantic,Left,4bd207f5633e9f89fac75f0e515ca38a7484f9acf8262f11bf39085f4500cbc4,2026-08-25 15:46:32+00:00,validation,newest_within_outlet
e49c109b58c879fb1c58eddcfc602f3be4315d4a536d034f3ecdebbf7c17b0b0,washington_examiner,Lean Right,936d78e157672a2c2955f6b916b25f3558cd2dbd17f4631f35a9512c2d2a5cab,2026-08-26 22:34:47+00:00,test_ood,frozen_holdout_outlet
e4d087acbd5e963524fcff64eaf7a9b4cb5c4fd6028dc29e481cbb942af3ae9a,fox_news,Right,86089cc3631950f6ae3c5af3eee82bd58278b3ad5fca94bf9aeea1684f4d957e,2026-08-23 10:00:56+00:00,train,older_non_holdout_record
e4dc737679e1ec993d96d91c525dc239147ad869c5b06ca8a7103d3cfcd26ce3,the_atlantic,Left,b08ec979d57d6726409be5cd2c1f92fcea8a9dec5590977fa44b968719e07c05,2026-07-13 11:00:00+00:00,train,older_non_holdout_record
e539568ac015630931d3db2485d2b05456dc11dd3e7752616b678e681471823f,newsnation,Center,4dfa3b11207c8244d5200ec189715b86024d43247d7406b874017dafb89c35f1,2026-08-24 10:22:40+00:00,train,older_non_holdout_record
e54725b7a706a4a2b0dbf9e793068a47790882e154e919ffde7bb9b525b87d5b,newsmax,Right,c5ac844e8291290d9c0b6bf2181407179bf9554d0dae5e42e5e91019c2f477ac,2026-08-27 00:14:56+00:00,test_ood,frozen_holdout_outlet
e5508d91c8796feb389f77bfcbbc48cccdc64e4f004cbaf1e22621287520eebb,washington_examiner,Lean Right,4e9ec6b54dcd4bfefe86a59d28281369bea82a674bba16229ab427348b26e8a4,2026-08-26 21:15:52+00:00,test_ood,frozen_holdout_outlet
e57d4d8fa76a4a6a7f9d75b7060a6331116bd956cb93895a1bba40c24857df86,newsnation,Center,44bc2bf6c44c5b7d1309192a90816c0e4cc74cb3e9710419633b8936c739902f,2026-08-26 20:58:39+00:00,validation,newest_within_outlet
e5b6942bb48fb0d177901c0184b1d5648992fc61a303dfce55bf59c8993a5872,mediaite,Lean Left,a96211ab598284769dc511c1bd8ec534d7adeac94eca9499cb6b246c26fbe5f7,2026-08-26 20:32:50+00:00,validation,newest_within_outlet
e5be126e616b2a2008b37f0b7857ddc6316fa5bd2bde65d80de795979aa89f02,nbc_news,Lean Left,d9c88c06dd3e60e5d4efda0c8bada24f8ee76ef0b483d64f0eca090e39064ffc,2026-08-25 22:15:12+00:00,train,older_non_holdout_record
e5e676e718b832935ac4f488974daf87cd7e7ca8e3aa09d6f27e6db93382deed,breitbart,Right,1208140d49f059576d02a099502abdc1087a2a6052c508bc6288274265dacc04,2026-08-26 07:42:47+00:00,train,older_non_holdout_record
e6168f4fce91405e99dd974ba441289a77a08d56831d1e2639aa3017d2400cf4,the_atlantic,Left,108679dc33caeb5216bcdd291ba12e90a98371263b1cfa54b6f3baab7948e1d8,2026-08-25 22:22:00+00:00,validation,newest_within_outlet
e61b6e2cf557fbd739491b870af1a8f22d509036c8a7ae5c83bcd3c4d560ddb2,breitbart,Right,db7afa08bb17b8c02bcd6b34d09c5c9b61dd73977e05da3fa8cc9ffde023fee0,2026-08-27 00:36:53+00:00,validation,newest_within_outlet
e61e20ebbb2e75f3811593789b2deb77201d1c51586688cc74390bb825ec1262,washington_examiner,Lean Right,29abbfa1dbe9734306ce93a11f679c57999c201b7ca710c0fed5edbcff538458,2026-08-26 20:03:11+00:00,test_ood,frozen_holdout_outlet
e6281d4ebca9e142c24a1c011af5d82a16a5cd88389919e7ce9964f410a7a095,washington_examiner,Lean Right,2a3828a627dca9d3cc0f63a01c6f8ca7869d1e9651b1ce442537f5c41358c3f4,2026-08-26 17:33:26+00:00,test_ood,frozen_holdout_outlet
e639e7a14e10f216a2fa65a7a7e13c1810e1988427bab7264eb9c129ede80969,mediaite,Lean Left,5082b7614d3902fbf7a86c3b16c67c7a9507ee8983db3c8066608c1ff4705e07,2026-08-21 20:17:52+00:00,train,older_non_holdout_record
e6ed956e9602b3bfdd892c7272f62eee3b44e65196d84d21018438230f162061,washington_examiner,Lean Right,97b3c80cf04fe108db4b5e8fad12258e3e08ae8277b51d4e80798fd38fa287ec,2026-08-23 10:00:00+00:00,test_ood,frozen_holdout_outlet
e6f7461b12cc8b342fc85e0578b28f315e68a5f74ad80d61909fed4f0c55bc3a,cnn,Lean Left,6c3589a1137dee69589c2e59de449ad511670279961ed36617e75a063640849d,2026-08-27 09:14:59.558062+00:00,test_ood,frozen_holdout_outlet
e729be7c290bd3ed85e405c3c2dacb3b6c81805e2833fa41c296bea115a0ac64,mother_jones,Left,5b652e4e048be9978f3c42ca9f0acc5dab64d1d7c0290c657da1e3bcbc76aa35,2026-08-19 15:33:58+00:00,test_ood,frozen_holdout_outlet
e7a277f55ee58b00e49fbf1c28275e0340e8e2af76cfa195a6786b7999f9c1e6,mother_jones,Left,1d5edd5c4dd8ddec7d19f2f254b3a48fe8d9a74d3eda57b11d354abc30265464,2026-08-18 17:58:08+00:00,test_ood,frozen_holdout_outlet
e7a7310d34982636529022d9d0c4115d493eef49cbcaf6ab5eae480e3580ab2c,reason,Lean Right,057911419e2de68bdb1470fe78a16d734eab9fc6f5033877705a191d9b1b7bc8,2026-08-14 22:22:59+00:00,train,older_non_holdout_record
e7bdbf53ef89878b0134ebd3cc3660e06aafe9b7992d1f0ed3046685f48d1a10,newsnation,Center,e664d25ec1227fe25cc9edac4f2bc2a3efc5fb963f622d0b68c655e2999f4bc8,2026-08-25 22:43:39+00:00,train,older_non_holdout_record
e7f3a207ee3d19b1390de2b014d5e13b92bab8d53772d8a79846f7830b6438d6,daily_wire,Right,991451e4b3518f54d3c9f619c3734e8b62f6aed5eba52849c220a77ee561c96d,2026-08-26 17:09:46+00:00,validation,newest_within_outlet
e88bc5c99d4477d75be414a22d3b158acfa2b32be3a5415749f82d0963858dcf,vox,Left,cd2014e74c9be412f322ee804c4f1126eae1245f5fb24dcb265716b64f22cf73,2026-08-24 23:15:45+00:00,validation,newest_within_outlet
e89759431be2e733b5ca9b5ba457b1bb361a43b6f902b11f98ece77feb76628c,mother_jones,Left,a11acec5defa1920f5bd83d924d3180b78bc128cf76c6ff2ad046c418b85efbb,2026-08-06 11:30:00+00:00,test_ood,frozen_holdout_outlet
e8d60195e5c525b55a05afbef7fe31288ef029ca5d8132619d4094761de7530f,breitbart,Right,e232272e86f811b522bfd25be5fbef1d64e5bb380a6d02b6cbf215a714aca3ea,2026-08-27 02:48:38+00:00,validation,newest_within_outlet
e8e57062371b1f281b04a129be2115065633ee0d8482ac198d02240a1c6a2c88,newsnation,Center,0030a62229f8dee99afad7b77256ddc439e667fee0f4a851aa4c08c0ea21c3f5,2026-08-25 19:18:20+00:00,train,older_non_holdout_record
e927a7b9a8a00862f1a9dec73800417f059cc9959be652f62256bf0571fc6fa7,washington_examiner,Lean Right,7a2e2f78230318d184e84da7699a80fff23776b1bae4a02af195142411918b52,2026-08-24 18:10:55+00:00,test_ood,frozen_holdout_outlet
e96b3c205b024341d9c6bec2389c585325cca38c15b70da8852d3c3c71a1d6dc,newsmax,Right,f13fd4d2c695e5ee9e0db5495e0bd3d05b222cc787d240fa5769cd74d2a08f81,2026-08-27 06:00:22+00:00,test_ood,frozen_holdout_outlet
e99f6c03e71e76daf9b0ffe1159565b699e2a7af275bbba153a4e771db27de0b,mediaite,Lean Left,9279862dd10d37dace76f6c812d2e58986109fcc1b95ab38f8ad3104dac07e68,2026-08-25 23:03:48+00:00,train,older_non_holdout_record
e9c407cd476dcc7e36c98a6b48667d453fea2a42d7ca13c9857f4826d4dbe51d,washington_examiner,Lean Right,93011b6ae9c68c2d79ea23997126f50c8079b4e4b591b84bfffcb085a5905fbc,2026-08-25 21:28:21+00:00,test_ood,frozen_holdout_outlet
e9e7d94a470bc5fcff031bc2bfd2941e872b21ddcde9ec2d3bdf6a81233a2ac5,washington_examiner,Lean Right,9ecbed9722663545eebe53abdd9fa4093c54b38f18449353ccbb442b12046e6d,2026-08-22 18:54:30+00:00,test_ood,frozen_holdout_outlet
e9e8addb4e0e2ba88e3f75febf7febf71687f1f60a0d100150b22773b9b13dc7,mother_jones,Left,21ea8a03fd1304b69bd38530f12e3375f98301fa0b290377d0bd2f96600c62c9,2026-07-29 15:31:14+00:00,test_ood,frozen_holdout_outlet
ea1d4ecd7234d51e6c66bb8ab0c471843212e44676c9c93a2edd659c69028a4d,the_atlantic,Left,ed0a6207b8b477120e1d71cf8c5ef1cc3a7aefbfe0da0985be581b865c49504f,2026-08-17 02:23:33+00:00,train,older_non_holdout_record
ea9cfd2c156b470aa90385bba74d5379df126a6b00b6575cc4467013144a45ab,washington_examiner,Lean Right,f1e3f39c79791cde6144173765d670a7a245158e6c4414e30c49bca732a4c205,2026-08-26 14:13:30+00:00,test_ood,frozen_holdout_outlet
ead851ed08f3de7461cc68f2d6e6c136391a68b4847a44463bbae987532fdc23,fox_news,Right,e216b48ce6033b9f1cf7b4c04bca4b4adfed81d7d96d2035d5745cf0e7cf0b24,2026-08-26 09:00:44+00:00,train,older_non_holdout_record
eb13841336da4be8c77b13d293039939f9aa2b118aa5a6e89d310fbc84254107,mother_jones,Left,7b177f17d4098f650f4c55aa0ef07156b1619bc677d0bcfceacf96d015235319,2026-08-12 10:00:00+00:00,test_ood,frozen_holdout_outlet
eb29aebd7816df79abf1e52fde830d11311fc260cf66ad188180fd078afa15d9,fox_news,Right,4e6dd94f77a02cb689109f88bbfe658cca23d16aa5e21aec08917b78687b5494,2026-08-26 16:46:03+00:00,train,older_non_holdout_record
eb4affef178bede010f135a7c58c4e241b0ed4c6a7a1a31fe3b6a2d32cf358e7,newsnation,Center,cb9a389c43855c8e4a1ba8da2a9581407dc01106df3758b63d01d17e43ded325,2026-08-25 11:29:23+00:00,train,older_non_holdout_record
eb6451062caa9357e2c35f991bfea34a11e71de8ac9eff66adb8399554aa94bf,mother_jones,Left,ef36764d20a9fbbe492dc5c0aa23f5ab43a800c59b2b44d9add185e9cce07896,2026-08-13 15:47:16+00:00,test_ood,frozen_holdout_outlet
ebb705e9f847dab8e243e2a66668ac7ad64a8772a75b1be6f164cec77eac4f55,newsmax,Right,52ed3910b3bb8c6aa63e9d2e736697fceee8407bb5dad1d672433f877cf763da,2026-08-26 21:28:41+00:00,test_ood,frozen_holdout_outlet
ebcc9f194fd2908accb1156fc1d9c0c88a3c73bd5e92b52b4068ecd5f2a9c385,reason,Lean Right,8107afe7867b74c7725ca2a3aff6a24bd5b324dea1119b14067647e153c9c464,2026-08-13 16:45:02+00:00,train,older_non_holdout_record
ec3dde3a7bf385e06d2e3deeac0e66efd6f766120e2c8b2ebb1662fc5b19e0fe,washington_examiner,Lean Right,44dd0128980d313b43bcad6165d68bb3b5afe2f9faa04ce1748edc0721255966,2026-08-22 10:00:00+00:00,test_ood,frozen_holdout_outlet
ec9c72fdd55e32356c4f5bf4ee931a9d3e549e8df83bdb74706e88c63d86e17e,mother_jones,Left,e9e0421c4775183826779c015c2a45f1297dec2cc5b08a8ae23e6fbce5e00b17,2026-08-11 11:30:00+00:00,test_ood,frozen_holdout_outlet
ece79a1490005952cd0750d2aa37e5620a938a2ffbc100606bf0b17b9b17cb47,the_dispatch,Lean Right,f392bea047f317fd63bdb9a39610feb311d9fecff22800dfb7a73723e280166f,2026-08-12 16:27:44+00:00,train,older_non_holdout_record
ed0dea0a137430c5c527ad382471e30a7c9fe3bc6e9582a5d9adc963fc439f8a,mediaite,Lean Left,600879266ca91c030414546063d31dd65dd6e0ce3ee30ca5c5b38a508b429427,2026-08-26 18:57:29+00:00,train,older_non_holdout_record
ed9f04025f5e728973063ad5052687f02de30399c7a6e2682210fae9c410f1a4,washington_examiner,Lean Right,44413157f9507d494fb9f8cf2c14a1ab6cde3c8568d3db5a6a3093788a9037fa,2026-08-24 01:54:18+00:00,test_ood,frozen_holdout_outlet
ed9f240315bffb8b497893c6bd10418c1a089269166f4313b5dba31008538dca,mother_jones,Left,98b544221e5b6d678fab0001e703961cc6cd22f91eef578068aa3fb05ceceefe,2026-08-20 17:21:02+00:00,test_ood,frozen_holdout_outlet
edd178f12c99c7f93bfac6d7278c7736fe4b1296583e0e7b989187bf44e66258,newsnation,Center,b05ff903d82d4ce9d523dd063fb30275b0fe7ba60c033e96619c089a96f596aa,2026-08-22 01:25:44+00:00,train,older_non_holdout_record
ee0ea8de55d502c10ecf73944cb42d499c4c97ee8bb9e31401f2681f8200e28f,reason,Lean Right,6fdfd650fe638c35941abcd025c4599e7bcc31b4a88a6e7f8b0e0cb09a3590eb,2026-08-13 13:30:36+00:00,train,older_non_holdout_record
ee591e98bc8fa33ead9d1a8fa1558548e4bc6f95420573203c84784c40e5f6a4,cnn,Lean Left,81fb357404faf7517a55eb623cf67b071bb972a29a8760abef63ececb01224a8,2024-06-14 03:30:12+00:00,test_ood,frozen_holdout_outlet
eeaacb5e1f0896c0b752718ba69dd3d9b909a28c23d857e767d200b259e70465,the_atlantic,Left,50025a01e286751f13c0b7e3400522e0222b691a65faecabcd455456c85e68a1,2026-08-02 12:00:00+00:00,train,older_non_holdout_record
ef368da439feb69405171d5111012ba0166c440c826d11ebe8468cec4257e1b2,mother_jones,Left,1db63dbcd29c4e2184d865f8abbf37b769bb597b13950a3aafe03cbe0858156f,2026-08-09 18:37:00+00:00,test_ood,frozen_holdout_outlet
efc5b2fa115140d284d5973311f17f45c5092f407ef9617024b829aa61973a58,fox_news,Right,9db2356b1c5d0cc72a38dbc3c0d91998886b5707a3460b2f82bdfcfe252dda7a,2026-08-26 13:55:01+00:00,train,older_non_holdout_record
f031a0c6847c903f76ce8e69f17897ee5d8f66bf212de8b712d8860ca5ca3019,cs_monitor,Center,dc2fcae2aca1e9afd8f1825d1edfbdc2637b3eea3e27b5b24a0cf523231ed501,2026-08-18 09:00:09+00:00,test_ood,frozen_holdout_outlet
f06ca364ce0b3264de7af0095782da3923f85d49c7d42c4443356045da358b52,washington_examiner,Lean Right,f8b09fdc2bd516df4a9a3d89046b022c51757f66783f07f1d1501f34d206b3e9,2026-08-24 03:14:12+00:00,test_ood,frozen_holdout_outlet
f119e0a2f13662fb34854c15df9b8daaf47c4a9d843762c7276ada9ee6a8e303,newsnation,Center,5777c5a450224b774e8c917b985c8ae7386ab9b793a9eb2d9c43344cc5e04af4,2026-08-25 21:02:04+00:00,train,older_non_holdout_record
f194302b7cf043754a0c3e3fe527024d04a3971a9987a39468fae5c5c8214fc1,breitbart,Right,c1f30c40a488577929f8595f9035d0e038de46e84abab734dd0e0f4d389c3d13,2026-08-26 20:32:29+00:00,train,older_non_holdout_record
f1c333a47ecb92597bef970d152e9f42c394fb26fc9b788f1d398c0bf11abba6,cnn,Lean Left,dd7825b6d6ab5ac0cd8d40232ea59503299c988621cce8b330ec5635ceeae6b8,2024-06-14 04:13:26+00:00,test_ood,frozen_holdout_outlet
f1ef285a4c60a5b59bd5e1eacbc74828e5ea92a79e742d9a9ed5170e810477bc,cnn,Lean Left,7e1ee76cb5c99a72017bf3028a5fdd45ef18f56de549233b4e4f06a021260ac9,2026-08-27 09:14:59.558062+00:00,test_ood,frozen_holdout_outlet
f284183243d4fa38146d3d6b99e38a9b9e6a11b54b003e4983847922fd0d83de,washington_examiner,Lean Right,d414dc74328379dc31353d44dfb4dbef15cbcfffcbc478614f18074ba474636d,2026-08-24 21:16:18+00:00,test_ood,frozen_holdout_outlet
f2df3e42480af0d80ed2a31762affd7915fc499697a59c349fe79a971ffb192c,daily_wire,Right,3da917aaaa40dac8d39c6d68af0e86b674f441f43cde5ad6a20a497ddc57fad6,2026-08-26 15:00:46+00:00,train,older_non_holdout_record
f2ea8d54840d7f33b6794cb3ff7076e8ed491e13cec48f6c6ce3f1355537a615,reason,Lean Right,5844da5673df6f1a7f88122d225689bab18b9fa9367e2a2d64afdea4bdca74c9,2026-08-21 08:00:34+00:00,train,older_non_holdout_record
f33e33c704f99a223710412c0d179b6670bf2af6ee0df56adc1cfd57d4840f4a,cnn,Lean Left,6f96dc7042545c8403a746d05de318752a27f4d61c73c3495750e3955cf538f4,2024-06-12 23:10:47+00:00,test_ood,frozen_holdout_outlet
f35d91d41c8ad019dcaa0380f4738f64a469b7e3f135de07d9bd05ffa88a6e36,washington_examiner,Lean Right,5be0605481d82a952af6c413eb118b0a412e480d59c889b2cfd1659c2d27b5bb,2026-08-25 22:57:27+00:00,test_ood,frozen_holdout_outlet
f3611ab3735d3000621d2e83de4daacd0e50bad1b1f5e583ef122b917f9d7399,abc_news,Lean Left,0022a1fa5578b6ad34999f754466b6b77c82cec8bef7518ee7737c0a89b4d0be,2026-08-25 16:13:11+00:00,train,older_non_holdout_record
f37ead01afeaae102e2c33315db9e01dca3552cde1b756fbd88f3ef03d2cb10e,washington_examiner,Lean Right,4befc2ccf2de77c9337f41bc6177b8ca91c3954e93534cd305e3d1d83b4a0268,2026-08-26 10:00:00+00:00,test_ood,frozen_holdout_outlet
f403d02dc3988958980c8add9d8e23fb6af3aba92376a6629d9b781b0c79864e,cs_monitor,Center,20dfeaf86816567d090bfd39869c319237b7158223646b1147e43d8f5c42a018,2026-08-25 21:08:45+00:00,test_ood,frozen_holdout_outlet
f47d8a4f80577d75246a1ac73387754e13fde1ca2c98b7bfce295875c8cf1b95,newsnation,Center,b312787ea776b8ccd7aa95895778290336e627d2db51d2a07dcc569d6579720b,2026-08-26 03:48:36+00:00,train,older_non_holdout_record
f4d676fa99aac6ccb3b30017745f115e863f345db8c70a404a11332413ed44c5,washington_examiner,Lean Right,b6ba914d89bdbb4d4d4732a9e00f23c42ad402aee8e816b9b032d0ffe1cf33ae,2026-08-24 11:00:00+00:00,test_ood,frozen_holdout_outlet
f52d363d135a9a28fb8384ed9eb752f958ca98078ed609ed7fc6ea7e11861821,washington_examiner,Lean Right,545f1fe1ba1d334b27fc58f090f51e5ea852050625e137a8d25e7e34625e5bde,2026-08-25 22:40:23+00:00,test_ood,frozen_holdout_outlet
f52e8a2834901e237237703f0f37a160170cb18446100bb5c83e9d35f4cfd92d,the_atlantic,Left,a49a900e7717c250456e9d583b1c43fdae38d7691e437108dc680d4c559989e1,2026-07-17 14:01:01+00:00,train,older_non_holdout_record
f552b463b5017691db5e9aefff28d265dffcec4c4ac34d3cc2b403bbc2ead044,daily_wire,Right,35546701eb7357b4f8aaa53740fc62a51cca421d320ba86ffd3a1f59ad7ea55b,2026-08-26 10:16:20+00:00,train,older_non_holdout_record
f55855e0ae1bbc786e71a03a985ccfe15c2b7ceee6bbc95fc2e9a7718a4e0a36,newsmax,Right,67d3bd92b1c433fc4315596c28dda87b5fa284e5030927980d6599fc31ddd678,2026-08-26 23:42:58+00:00,test_ood,frozen_holdout_outlet
f596a41ce81483fa1f56d97121a60923c5418ebd9b6a068125677915cea20619,the_atlantic,Left,d7b2fe907fe31a4b53a45e2c674eb5f6c48a61f99ad15b9607e6f8b71e35e45a,2026-08-20 22:30:00+00:00,train,older_non_holdout_record
f602732ae457884297f43bc9568e947561762e8f4679c0538bbb4efcc484dbf5,the_atlantic,Left,6ad1d8b9fd7156a7d6e1ed5a8e7f31eec38eb9a93935af0cfc0030283def4033,2026-08-26 22:18:48+00:00,validation,newest_within_outlet
f624b642cd7a849434bfc499e1ea8b4c5936ad6d1f36a5deb4e81460ac894ffb,reason,Lean Right,9bc804e33c681ef5c241920678de5eaf3ce577a748a4fcfe72c59b0984f3974e,2026-08-25 10:00:46+00:00,validation,newest_within_outlet
f6286cea172c3e0280cecb2ee9b73edbc57a2e87421a70fa9500ca73b521975f,washington_examiner,Lean Right,d827c12567b6c9c57c9e1659d304ed9bef724093cdf5f1624e5cbbb635f38fca,2026-08-27 03:05:20+00:00,test_ood,frozen_holdout_outlet
f6df8c443db5699934bc9fe57ea0c281ec220799077c6722a6b09f8701ff4a7a,newsmax,Right,79bcf221d5ff9424165fe577130b637e9719f74ff7e8c1c5bf30943cc11d2271,2026-08-27 02:01:50+00:00,test_ood,frozen_holdout_outlet
f7075d141e0c952b3b7bde469f3f2252c1014986fa08e5065c7528054cf0d482,mother_jones,Left,830fb7663d2dc8b10bdecbaa3e7f3c017cb85766232c642c0b12c9b87f5744e6,2026-08-06 22:34:25+00:00,test_ood,frozen_holdout_outlet
f7b64cca0d5fa78b7e53a002297d79577e8a3a763b0532402078a7499016fb06,newsnation,Center,197db8be61e16907c353a3e707c08ce9e8558a4067b46f08b42b071708ad58e3,2026-08-26 16:38:54+00:00,validation,newest_within_outlet
f7d37e240ccac617d650327f5f790d13133b19cb47298c7b110c3cce124edf4a,reason,Lean Right,171fe6ad6d7deea3013a2f6394a676ab1ca59d952b575195149d2a3db695056b,2026-08-18 15:02:45+00:00,train,older_non_holdout_record
f821d859bab4bd4f602c9dc0b54b2b0c5f8d71e58c77e80c9fc33bbec6f324a5,newsnation,Center,21c89944b5b853fb895d321d56061792c10c42485ea31f28e5223b63d75f074c,2026-08-26 11:29:11+00:00,train,older_non_holdout_record
f86d12a23c09fddfb360b70f8eafd299ed99e3656048080e3d3c5ad28d5af2b7,cs_monitor,Center,970109a6041c808850ea8cfa0ebcf05b6fcf536b97d6b44ac6b2ffbee76be867,2026-08-19 21:06:59+00:00,test_ood,frozen_holdout_outlet
f8723e5ecc9dc19aab0639c51d5c4cff17a4c2b8031a4b306863dd83e5dc3406,mother_jones,Left,de979521aac60e1ef16c9c3ce8470cd37a3ae1267107b3bb82a66c6b8df60c6e,2026-08-08 18:00:26+00:00,test_ood,frozen_holdout_outlet
f8b9c0b70abca55f254136d96cc64c6177fbb54be379282d1dd6e68a9c89c98f,breitbart,Right,e2794afa1f2fea69296f330fca613827042dfc3c0326083d4ad3459cdc8daa03,2026-08-26 15:02:25+00:00,train,older_non_holdout_record
f8e6b94568c63d77d7eb3bc8db7500112751471ac67d1366689fcc4bfc3a8f02,fox_news,Right,cf1d2f1c0c85ddc50c89dd4898e96f498a1266cddfa7647f87cd6f587925afe0,2026-08-25 14:13:03+00:00,train,older_non_holdout_record
f8f19e36bec4572b3ed6d539e19786287f9fbb62222528fa94eb1418fde415af,newsnation,Center,a132d09199516fb49ba420e12f37b9a8dadf8841cc4bf7d45581b21b6e1494b1,2026-08-26 19:14:02+00:00,validation,newest_within_outlet
f901116b57170d7d3f4dbcb2160872e259426844a8da20c36bf868d846baac6d,washington_examiner,Lean Right,a358a4e96a2f6f75aab4411772252f39854c9846281f4956f26f71c153f2b4e1,2026-08-25 10:00:00+00:00,test_ood,frozen_holdout_outlet
f92229bf700d9e41953d7eb5ca7bd7acc46511c3140a32f54598747d48bb5ef3,mediaite,Lean Left,a1e6bcc3c0220cdb489129890bfa38480513f4450b020696ee122c94476f130c,2026-08-26 18:10:54+00:00,train,older_non_holdout_record
f98259fe7f9511490994a73cd13d3d8f95209f6694bda07505485e2e121f3a21,mediaite,Lean Left,fd21e8130553d47a0e3ac7675ca187495f75ce51660574cc021e1032ff4d662b,2026-08-21 20:48:18+00:00,train,older_non_holdout_record
f9af2148839aec5fb219d8d2d3e6fadcd2b016d73924e379e0ef683b48f8647f,mother_jones,Left,107198c9b71035979fc6b69844034d97aa5e4564db6870979561e248e7174a57,2026-07-29 17:15:25+00:00,test_ood,frozen_holdout_outlet
f9c4c5ec0f527d65ccd12f7b549d67856fc013e00b2e95c87e86615d1b380c0f,cnn,Lean Left,0b3e8a1a29cf2915e7ceed382190b783f580e936decaaec0c884a05fa73302d6,2023-04-18 18:29:24+00:00,test_ood,frozen_holdout_outlet
f9dc0d31da49c3d28609832ead83fad224c9aacce55e8741f8cb2092ff90c530,newsnation,Center,01c640089426d0004ccf18f6ec682ecbdb1b1652f2e0460e1cc6f865cecac33f,2026-08-26 21:01:22+00:00,validation,newest_within_outlet
fa2189cdaff08446c3af9c47abce993b716d991b9a44e0e8e8a6c551661afe71,washington_examiner,Lean Right,ad375b29823c63a51557e3ed5cc20199cea65950664aeee134489f68654b7b3c,2026-08-24 12:00:00+00:00,test_ood,frozen_holdout_outlet
fa340ff23f377bc0a3ab447482468ba545c64bdb422fa5a9fc8a6e5c38a6dc40,the_atlantic,Left,daca64be70ad06f26b07d359e2e280d1232b0b13006f93575ecbb1e0a56590d3,2026-08-13 11:00:00+00:00,train,older_non_holdout_record
fa5ac342b4fb0b76c9b51b079e9801627cfd2b27f85f6de34948f70dc04515b0,fox_news,Right,fb5378b20e3f54ea196b211d4771dce41ed766d40e08706ef056e8b166f330c3,2026-08-24 11:00:23+00:00,train,older_non_holdout_record
fa95d267ecca1c7306e11d3ce948ec6ad341becf1957dca740624ca7b56d0d5d,mother_jones,Left,16746785ebb405dacd3251aa769f40e3799dc025aace8436b95d819f61ace4a9,2026-07-23 18:39:59+00:00,test_ood,frozen_holdout_outlet
faa67f91580fe1a81ab111ae53e0d40585b230864208697c3d048d0e0ddc7500,newsmax,Right,0a9abd36aba4958943bc35ad0eac72d5fd2cad9aceee29c5ba951d43291af2ea,2026-08-26 22:03:49+00:00,test_ood,frozen_holdout_outlet
fac0b14c8db893066c447f7ab71c2cdd6e81cde605099307b85b2909b7c6d2da,fox_news,Right,0582f60973ccb043fa5e2624cffef9d16b167af3cb58645945a9e3afdcb22165,2026-08-26 09:00:27+00:00,train,older_non_holdout_record
fafe498cfd388a11b139adf7669650edefd6d95b14d877247849c252a51a077c,cs_monitor,Center,43b68f288bf870ff7d175cafda2dbc6023ed9dae1b63e45e2443051041ae126c,2026-08-17 21:21:52+00:00,test_ood,frozen_holdout_outlet
fb3eb2da6dc9f499cacadfe945403d4127c20c04da296ce0e69939e86d75e0ee,mother_jones,Left,744fc31c90dc2413ad8e20c94ce9d193280975feba5a0cd64df14b602ffacde7,2026-08-04 11:30:00+00:00,test_ood,frozen_holdout_outlet
fb6ebbd3da88e8daafdfdc6b5cf8978983cf7ca50bbb784bdd4fa39149ce64ff,washington_examiner,Lean Right,9414f9ecd76bc6647b81106f73d57d1b742e650b6a539514ad85316cae9b9257,2026-08-25 13:46:58+00:00,test_ood,frozen_holdout_outlet
fb77e829f37855538d195909ce103e68d4ac8414b6e6bfa2b5368f15634d49eb,the_hill,Center,7b681463686f53c45179cf64e2ee3208570702a92b52aec63d385eda619ef41b,2026-08-26 15:01:39+00:00,train,older_non_holdout_record
fbb09cce54daadeea46337e9f6910e73b57019baa24838f2f4f1f4e6aa323649,washington_examiner,Lean Right,ca5dc6f73ed7cdcd3d31953f38afddf04e49de04006f981c307582f3c572fd65,2026-08-25 12:37:39+00:00,test_ood,frozen_holdout_outlet
fc5b197219e319569b30a17bae6e53db8b2fef4f8907e43f89015fb86ec32334,mediaite,Lean Left,0728b9c46bc6daaf9b67096af1c4fbec0d1d1b519a00981cd0e20c32cd78b642,2026-08-23 18:22:13+00:00,train,older_non_holdout_record
fc921d975f7d323866d57782def2fa5ed0026baf66d2beafe052a9c3dba9d73a,washington_examiner,Lean Right,30173ad7775749498a566f7baa0de11cd5014b0b9664520a798c3ffce7ef27bd,2026-08-26 09:00:00+00:00,test_ood,frozen_holdout_outlet
fcd742125c77e238097a3340decf0171e5c73627bbe5544ae806bb36e52aa356,the_hill,Center,3b6c22bef87a5c173789e7c03bff84695e3663aefdaeba6bb2f5156c48f7c45e,2026-08-26 19:16:28+00:00,train,older_non_holdout_record
fcec8f78a3b0ddb37b3d23e9c5e00936b697ebf66338ffe3658a4828651131a4,washington_examiner,Lean Right,d0d652a79ebec9b8dda5b8ff60a7ee32f907325ad8b126b0e3123127a3205048,2026-08-26 11:00:00+00:00,test_ood,frozen_holdout_outlet
fcfa0857daaaa56de4e6c4b4d2e24af0cd5b501f6ecca42c6247c0ffa3780cda,cnn,Lean Left,eb13efa26b62c4f02f698519cde28381bbaeb2b53d274962ad66b996754a6627,2023-04-18 20:34:45+00:00,test_ood,frozen_holdout_outlet
fd57edcd344a8da8a89825233cd768cb3b2787549fb2bc81a8c126d22e367acc,washington_examiner,Lean Right,c06b0e06953a55dcc0689f81d4dcb3c8961e6a72b5e03b0f360e7dd9e70517bf,2026-08-26 23:01:13+00:00,test_ood,frozen_holdout_outlet
fd96bdd49dca17dd933017fa46b05699a36626cbeb69bcdcbeabb1930e012856,cnn,Lean Left,32f0b6495a36781e10adb4eee30b98f621f0287346899a431309c4a76d5d2a67,2024-06-13 20:09:29+00:00,test_ood,frozen_holdout_outlet
fdbf7aafdab0f6c2a9d70f6c347b36c8b4f8001339ddab41b97f75645d481eb3,reason,Lean Right,780d5b01094918dcaf574b8f2234724bcb2e0dfd2e3805c37093903ed98e5b10,2026-08-24 19:25:43+00:00,validation,newest_within_outlet
fdcf1d8f22aeb1767cf64db6a91bace6456584219bff2722a87876a8437609fc,reason,Lean Right,407fb77d3821e255cdcabdf8f428b15ca7723432431de667113b6d9882adfb35,2026-08-14 22:13:31+00:00,train,older_non_holdout_record
fdf94dcf9417f3b04f5239c433d78b8265e30bd679b77b8810245d2dd8715870,washington_examiner,Lean Right,cb8a3f26e59e531cd4f9fc102b53edebfe24aa89f11d1c4d16fc177694473391,2026-08-24 10:00:00+00:00,test_ood,frozen_holdout_outlet
fe6f3e1b6b80c7a3e9e67a3facabacd9a95a1447e3d3585d0849a0de48780730,washington_examiner,Lean Right,248974f7af579d5a2f3e9434dd4b286cc8164d80b435dfba4b06398ac1eb4c98,2026-08-26 20:02:06+00:00,test_ood,frozen_holdout_outlet
fe8d9d2f8056367bd97ba5c6b04d362fc80c6174c48c44adca4eb07225cedaf5,newsnation,Center,4d9ee4c38692ef037d56bd4ab243a6a681c10d905d5c0151fe1d0dce0229608c,2026-08-23 15:51:42+00:00,train,older_non_holdout_record
fe94c421f48cfff7f69455d532249bd010d228f97bb9d3734117c21912b2ac1f,cs_monitor,Center,4ffb13dea93d037fb6d99c1cf1f47589bbb593f155316519dbdb24cf39fe79fe,2026-07-30 19:09:50+00:00,test_ood,frozen_holdout_outlet
fea24aa1966112cfa5c4404c907aef5c81e4a676bed8154beebe798eb81c8e36,reason,Lean Right,5504f8a00479c6294059cc42988cf9c5984cc4569b524e21e10ccea702f5a66a,2026-08-12 03:12:18+00:00,train,older_non_holdout_record
ff173a2868e8292fc45240d92600dfefc4f5fa58fd9babc9b9aa30b9672b0580,washington_examiner,Lean Right,1779b055dd7ac907adfa85e90e5551f589c272ad07f41b015152551ddf86e900,2026-08-22 17:45:11+00:00,test_ood,frozen_holdout_outlet
ff2e7cafa2488370f88b4315fd517334db55c3e9d2e5eca031e35dc3c1d459f7,mother_jones,Left,a45324dcf871ad1b8a44286aa7974682e06be74faf5d96d4267fd9fd571b0778,2026-08-23 18:25:33+00:00,test_ood,frozen_holdout_outlet
ff31331af4d01489a5306c904911342013952e71d2dc3074192384f45d4ef01d,the_hill,Center,3c1eb7fbf569d5fc91c9202e00f9a5e6c0f59aca1d24c4fcece867dbf53da1b5,2026-08-26 10:00:00+00:00,train,older_non_holdout_record
ff419f35424ebaed4b73ab4ba654596d88c994dc613c1f01d5932b4106f56fe5,washington_examiner,Lean Right,023652dd6c4094641dc2dc66f435fd6772046e311790fb9b5e752416b6ecb395,2026-08-26 19:27:09+00:00,test_ood,frozen_holdout_outlet
ff4440842ffbf44fba99f15c7e1c11993dfd0d50c6ed35a0ee11e0d4b5ac2414,daily_wire,Right,b4b7f334bfea9d2d37ba367c8ad75d71f0affe9dd53c9c0836aa20e229c66b50,2026-08-26 16:32:20+00:00,validation,newest_within_outlet
ff60f9afd7dbe8f0ab81cb793c8d8c00a755a324aff771c7aef1626aab6745a2,cs_monitor,Center,c5561868ba80f2a243650499dec4139f1ad5ec7b0d1da2d0582d0fcd0ba221c0,2026-08-20 21:44:49+00:00,test_ood,frozen_holdout_outlet
ff84d268fceabdb05abb71e46aa5b2b6bd001d6a047acc0b74315b3ee6eccdef,newsmax,Right,52ed3910b3bb8c6aa63e9d2e736697fceee8407bb5dad1d672433f877cf763da,2026-08-26 21:28:41+00:00,test_ood,frozen_holdout_outlet
ff9ee2b3dc1443b22f6932864e913fceb98a169ac7dbf4abacd42bb050baf41a,abc_news,Lean Left,1b35d5af2afbc688a40928326ee91858c362708a5879f0f87102d64e06c34cdf,2026-08-26 02:29:00+00:00,train,older_non_holdout_record
